,name_dk_wk4,position_dk_wk4,team_draft_wk4,opponent_fd_wk4,salary_dk_wk4,salary_fd_wk4,salary_draft_wk4,fd_adj_wk4,draft_adj_wk4,adj_fd-dk_wk4,adj_draft-dk_wk4,fd-dk_wk4,draft-dk_wk4,draft-fd_wk4,ppg_draft_wk4,ppg_dk_wk4,ppg_fd_wk4,ppg_diff_wk4
0,Christian McCaffrey,RB,Panthers,HOU,8800.0,9000.0,17700.0,7500.0,8850.0,-1300.0,50.0,200.0,8900.0,8700.0,28.0,28.0,23.5,4.5
1,Saquon Barkley,RB,Giants,WAS,8500.0,9200.0,16000.0,7667.0,8000.0,-833.0,-500.0,700.0,7500.0,6800.0,18.03,18.03,14.2,3.830000000000002
2,Dalvin Cook,RB,Vikings,CHI,8300.0,8300.0,15600.0,6917.0,7800.0,-1383.0,-500.0,0.0,7300.0,7300.0,29.13,29.13,24.6,4.529999999999998
3,Austin Ekeler,RB,Chargers,MIA,8000.0,8100.0,15100.0,6750.0,7550.0,-1250.0,-450.0,100.0,7100.0,7000.0,26.26,26.27,22.8,3.469999999999999
4,Julio Jones,WR,Falcons,TEN,7800.0,8500.0,14600.0,7083.0,7300.0,-717.0,-500.0,700.0,6800.0,6100.0,25.16,25.17,20.0,5.170000000000002
5,DeAndre Hopkins,WR,Texans,CAR,7700.0,8700.0,14500.0,7250.0,7250.0,-450.0,-450.0,1000.0,6800.0,5800.0,18.6,18.6,14.4,4.200000000000001
6,Melvin Gordon III,RB,Chargers,MIA,7700.0,4500.0,14500.0,3750.0,7250.0,-3950.0,-450.0,-3200.0,6800.0,10000.0,0.0,0.0,20.9,-20.9
7,Keenan Allen,WR,Chargers,MIA,7600.0,8100.0,15700.0,6750.0,7850.0,-850.0,250.0,500.0,8100.0,7600.0,31.23,31.23,24.4,6.830000000000002
8,Patrick Mahomes,QB,Chiefs,DET,7500.0,9200.0,14400.0,7667.0,7200.0,167.0,-300.0,1700.0,6900.0,5200.0,32.26,32.27,28.9,3.3700000000000045
9,Odell Beckham Jr.,WR,Browns,BAL,7300.0,7900.0,12900.0,6583.0,6450.0,-717.0,-850.0,600.0,5600.0,5000.0,18.93,18.93,14.8,4.129999999999999
10,Travis Kelce,TE,Chiefs,DET,7200.0,7600.0,13400.0,6333.0,6700.0,-867.0,-500.0,400.0,6200.0,5800.0,18.13,18.13,14.3,3.8299999999999983
11,Mike Evans,WR,Buccaneers,LAR,7100.0,7700.0,14500.0,6417.0,7250.0,-683.0,150.0,600.0,7400.0,6800.0,20.96,20.97,17.6,3.3699999999999974
12,Tyreek Hill,WR,Chiefs,DET,7000.0,7600.0,13200.0,6333.0,6600.0,-667.0,-400.0,600.0,6200.0,5600.0,4.1,4.1,3.1,0.9999999999999996
13,Todd Gurley II,RB,Rams,TB,7000.0,6800.0,12000.0,5667.0,6000.0,-1333.0,-1000.0,-200.0,5000.0,5200.0,10.36,10.37,9.7,0.6699999999999999
14,Lamar Jackson,QB,Ravens,CLE,6900.0,8300.0,12900.0,6917.0,6450.0,17.0,-450.0,1400.0,6000.0,4600.0,30.57,30.57,28.6,1.9699999999999989
15,David Johnson,RB,Cardinals,SEA,6800.0,6800.0,12400.0,5667.0,6200.0,-1133.0,-600.0,0.0,5600.0,5600.0,17.53,17.53,15.4,2.130000000000001
16,Sammy Watkins,WR,Chiefs,DET,6700.0,6900.0,12600.0,5750.0,6300.0,-950.0,-400.0,200.0,5900.0,5700.0,24.03,24.03,19.7,4.330000000000002
17,Mark Ingram II,RB,Ravens,CLE,6600.0,7800.0,12300.0,6500.0,6150.0,-100.0,-450.0,1200.0,5700.0,4500.0,24.63,24.63,21.6,3.0299999999999976
18,Tom Brady,QB,Patriots,BUF,6600.0,7800.0,11900.0,6500.0,5950.0,-100.0,-650.0,1200.0,5300.0,4100.0,25.48,25.48,23.5,1.9800000000000004
19,Adam Thielen,WR,Vikings,CHI,6600.0,7000.0,12300.0,5833.0,6150.0,-767.0,-450.0,400.0,5700.0,5300.0,15.46,15.47,13.6,1.870000000000001
20,Julian Edelman,WR,Patriots,BUF,6500.0,6900.0,13500.0,5750.0,6750.0,-750.0,250.0,400.0,7000.0,6600.0,14.92,14.93,12.1,2.83
21,Cooper Kupp,WR,Rams,TB,6500.0,7000.0,12200.0,5833.0,6100.0,-667.0,-400.0,500.0,5700.0,5200.0,22.8,22.8,17.0,5.800000000000001
22,Nick Chubb,RB,Browns,BAL,6400.0,7300.0,11500.0,6083.0,5750.0,-317.0,-650.0,900.0,5100.0,4200.0,16.13,16.13,14.3,1.8299999999999983
23,Deshaun Watson,QB,Texans,CAR,6400.0,8200.0,12100.0,6833.0,6050.0,433.0,-350.0,1800.0,5700.0,3900.0,24.8,24.81,23.5,1.3099999999999987
24,T.Y. Hilton,WR,Colts,OAK,6400.0,7400.0,12100.0,6167.0,6050.0,-233.0,-350.0,1000.0,5700.0,4700.0,21.16,21.17,17.8,3.370000000000001
25,Derrick Henry,RB,Titans,ATL,6300.0,7000.0,11800.0,5833.0,5900.0,-467.0,-400.0,700.0,5500.0,4800.0,19.3,19.3,18.6,0.6999999999999993
26,Tyler Lockett,WR,Seahawks,ARI,6300.0,6600.0,12000.0,5500.0,6000.0,-800.0,-300.0,300.0,5700.0,5400.0,21.56,21.57,16.9,4.670000000000002
27,Jared Goff,QB,Rams,TB,6300.0,7700.0,12000.0,6417.0,6000.0,117.0,-300.0,1400.0,5700.0,4300.0,15.9,15.91,15.2,0.7100000000000009
28,Philip Rivers,QB,Chargers,MIA,6200.0,7800.0,12800.0,6500.0,6400.0,300.0,200.0,1600.0,6600.0,5000.0,21.15,21.15,18.8,2.349999999999998
29,Brandin Cooks,WR,Rams,TB,6200.0,7300.0,11600.0,6083.0,5800.0,-117.0,-400.0,1100.0,5400.0,4300.0,15.16,15.17,12.0,3.17
30,Marlon Mack,RB,Colts,OAK,6100.0,7300.0,11400.0,6083.0,5700.0,-17.0,-400.0,1200.0,5300.0,4100.0,17.83,17.83,16.2,1.629999999999999
31,Russell Wilson,QB,Seahawks,ARI,6100.0,7800.0,11400.0,6500.0,5700.0,400.0,-400.0,1700.0,5300.0,3600.0,29.71,29.71,27.4,2.3100000000000023
32,Robert Woods,WR,Rams,TB,6100.0,7100.0,12300.0,5917.0,6150.0,-183.0,50.0,1000.0,6200.0,5200.0,10.53,10.53,8.4,2.129999999999999
33,Kyler Murray,QB,Cardinals,SEA,6000.0,7600.0,11300.0,6333.0,5650.0,333.0,-350.0,1600.0,5300.0,3700.0,21.6,21.6,19.6,2.0
34,Chris Godwin,WR,Buccaneers,LAR,6000.0,7100.0,12400.0,5917.0,6200.0,-83.0,200.0,1100.0,6400.0,5300.0,16.8,16.8,13.5,3.3000000000000007
35,Leonard Fournette,RB,Jaguars,DEN,6000.0,6400.0,10900.0,5333.0,5450.0,-667.0,-550.0,400.0,4900.0,4500.0,13.43,13.43,10.8,2.629999999999999
36,Matt Ryan,QB,Falcons,TEN,5900.0,7900.0,10600.0,6583.0,5300.0,683.0,-600.0,2000.0,4700.0,2700.0,25.04,25.04,22.0,3.039999999999999
37,Josh Gordon,WR,Patriots,BUF,5900.0,6200.0,11000.0,5167.0,5500.0,-733.0,-400.0,300.0,5100.0,4800.0,11.53,11.53,9.7,1.83
38,Kenny Golladay,WR,Lions,KC,5900.0,6700.0,11000.0,5583.0,5500.0,-317.0,-400.0,800.0,5100.0,4300.0,15.53,15.53,12.2,3.33
39,Baker Mayfield,QB,Browns,BAL,5800.0,7500.0,10200.0,6250.0,5100.0,450.0,-700.0,1700.0,4400.0,2700.0,14.03,14.03,13.0,1.0299999999999994
40,Marquise Brown,WR,Ravens,CLE,5800.0,5700.0,10900.0,4750.0,5450.0,-1050.0,-350.0,-100.0,5100.0,5200.0,19.06,19.07,15.7,3.370000000000001
41,Sterling Shepard,WR,Giants,WAS,5800.0,6500.0,11000.0,5417.0,5500.0,-383.0,-300.0,700.0,5200.0,4500.0,20.15,20.15,15.4,4.749999999999998
42,Tyrell Williams,WR,Raiders,IND,5700.0,5900.0,10700.0,4917.0,5350.0,-783.0,-350.0,200.0,5000.0,4800.0,17.66,17.67,14.3,3.370000000000001
43,Evan Engram,TE,Giants,WAS,5700.0,6800.0,12300.0,5667.0,6150.0,-33.0,450.0,1100.0,6600.0,5500.0,22.9,22.9,17.1,5.799999999999997
44,Chris Carson,RB,Seahawks,ARI,5700.0,7000.0,10200.0,5833.0,5100.0,133.0,-600.0,1300.0,4500.0,3200.0,13.6,13.6,10.9,2.6999999999999993
45,Jameis Winston,QB,Buccaneers,LAR,5700.0,7500.0,10700.0,6250.0,5350.0,550.0,-350.0,1800.0,5000.0,3200.0,17.59,17.59,16.6,0.9899999999999984
46,Josh Allen,QB,Bills,NE,5600.0,7400.0,11600.0,6167.0,5800.0,567.0,200.0,1800.0,6000.0,4200.0,20.5,20.5,19.8,0.6999999999999993
47,LeSean McCoy,RB,Chiefs,DET,5600.0,6300.0,11200.0,5250.0,5600.0,-350.0,0.0,700.0,5600.0,4900.0,12.86,12.87,11.7,1.17
48,DJ Moore,WR,Panthers,HOU,5600.0,6400.0,10500.0,5333.0,5250.0,-267.0,-350.0,800.0,4900.0,4100.0,14.96,14.97,11.8,3.17
49,Larry Fitzgerald,WR,Cardinals,SEA,5600.0,5900.0,10600.0,4917.0,5300.0,-683.0,-300.0,300.0,5000.0,4700.0,20.43,20.43,15.4,5.029999999999999
50,Allen Robinson II,WR,Bears,MIN,5600.0,7000.0,10600.0,5833.0,5300.0,233.0,-300.0,1400.0,5000.0,3600.0,14.15,13.43,9.6,3.83
51,Sony Michel,RB,Patriots,BUF,5500.0,6100.0,9900.0,5083.0,4950.0,-417.0,-550.0,600.0,4400.0,3800.0,7.26,7.27,6.9,0.3699999999999992
52,Matthew Stafford,QB,Lions,KC,5500.0,6900.0,11200.0,5750.0,5600.0,250.0,100.0,1400.0,5700.0,4300.0,20.28,20.28,18.9,1.3800000000000026
53,Cam Newton,QB,Panthers,HOU,5500.0,7700.0,10400.0,6417.0,5200.0,917.0,-300.0,2200.0,4900.0,2700.0,11.34,11.34,8.8,2.539999999999999
54,Stefon Diggs,WR,Vikings,CHI,5500.0,6100.0,9900.0,5083.0,4950.0,-417.0,-550.0,600.0,4400.0,3800.0,7.03,7.03,5.7,1.33
55,Dede Westbrook,WR,Jaguars,DEN,5500.0,5300.0,10000.0,4417.0,5000.0,-1083.0,-500.0,-200.0,4500.0,4700.0,8.5,8.5,6.7,1.7999999999999998
56,Kerryon Johnson,RB,Lions,KC,5400.0,6500.0,9900.0,5417.0,4950.0,17.0,-450.0,1100.0,4500.0,3400.0,12.1,12.1,11.3,0.7999999999999989
57,Damien Williams,RB,Chiefs,DET,5400.0,6400.0,10100.0,5333.0,5050.0,-67.0,-350.0,1000.0,4700.0,3700.0,13.55,13.55,11.3,2.25
58,Marvin Jones Jr.,WR,Lions,KC,5400.0,5900.0,10600.0,4917.0,5300.0,-483.0,-100.0,500.0,5200.0,4700.0,14.8,14.8,11.3,3.5
59,Jacoby Brissett,QB,Colts,OAK,5400.0,7300.0,12000.0,6083.0,6000.0,683.0,600.0,1900.0,6600.0,4700.0,19.54,19.55,18.2,1.3500000000000014
60,John Brown,WR,Bills,NE,5300.0,5600.0,10200.0,4667.0,5100.0,-633.0,-200.0,300.0,4900.0,4600.0,17.33,17.33,13.3,4.029999999999998
61,Derek Carr,QB,Raiders,IND,5300.0,6800.0,10500.0,5667.0,5250.0,367.0,-50.0,1500.0,5200.0,3700.0,14.32,14.32,14.3,0.019999999999999574
62,Daniel Jones,QB,Giants,WAS,5300.0,7300.0,10900.0,6083.0,5450.0,783.0,150.0,2000.0,5600.0,3600.0,19.71,19.71,16.7,3.0100000000000016
63,David Montgomery,RB,Bears,MIN,5300.0,6000.0,10000.0,5000.0,5000.0,-300.0,-300.0,700.0,4700.0,4000.0,9.65,10.13,9.3,0.8300000000000001
64,Demarcus Robinson,WR,Chiefs,DET,5200.0,6700.0,10200.0,5583.0,5100.0,383.0,-100.0,1500.0,5000.0,3500.0,17.5,17.5,14.8,2.6999999999999993
65,Kyle Allen,QB,Panthers,HOU,5200.0,6800.0,10700.0,5667.0,5350.0,467.0,150.0,1600.0,5500.0,3900.0,25.34,25.34,24.3,1.0399999999999991
66,Darren Waller,TE,Raiders,IND,5200.0,6700.0,10900.0,5583.0,5450.0,383.0,250.0,1500.0,5700.0,4200.0,18.8,18.8,13.5,5.300000000000001
67,Gardner Minshew II,QB,Jaguars,DEN,5200.0,6700.0,10200.0,5583.0,5100.0,383.0,-100.0,1500.0,5000.0,3500.0,17.89,17.89,17.6,0.28999999999999915
68,Phillip Lindsay,RB,Broncos,JAC,5200.0,6900.0,10200.0,5750.0,5100.0,550.0,-100.0,1700.0,5000.0,3300.0,16.73,16.73,14.7,2.030000000000001
69,Marcus Mariota,QB,Titans,ATL,5100.0,6900.0,10200.0,5750.0,5100.0,650.0,0.0,1800.0,5100.0,3300.0,18.74,18.75,17.7,1.0500000000000007
70,Jarvis Landry,WR,Browns,BAL,5100.0,6200.0,9400.0,5167.0,4700.0,67.0,-400.0,1100.0,4300.0,3200.0,9.03,9.03,7.4,1.629999999999999
71,Mecole Hardman,WR,Chiefs,DET,5100.0,6500.0,10600.0,5417.0,5300.0,317.0,200.0,1400.0,5500.0,4100.0,11.5,11.5,10.5,1.0
72,Josh Jacobs,RB,Raiders,IND,5100.0,6000.0,10900.0,5000.0,5450.0,-100.0,350.0,900.0,5800.0,4900.0,12.86,12.87,12.7,0.16999999999999993
73,Christian Kirk,WR,Cardinals,SEA,5100.0,5900.0,10500.0,4917.0,5250.0,-183.0,150.0,800.0,5400.0,4600.0,15.56,15.57,11.2,4.370000000000001
74,DJ Chark Jr.,WR,Jaguars,DEN,5100.0,6000.0,10200.0,5000.0,5100.0,-100.0,0.0,900.0,5100.0,4200.0,21.23,21.23,17.7,3.530000000000001
75,Devonta Freeman,RB,Falcons,TEN,5000.0,6200.0,9500.0,5167.0,4750.0,167.0,-250.0,1200.0,4500.0,3300.0,9.0,9.0,7.2,1.7999999999999998
76,Calvin Ridley,WR,Falcons,TEN,5000.0,5800.0,9300.0,4833.0,4650.0,-167.0,-350.0,800.0,4300.0,3500.0,15.16,15.17,12.0,3.17
77,Mark Andrews,TE,Ravens,CLE,5000.0,6100.0,9400.0,5083.0,4700.0,83.0,-300.0,1100.0,4400.0,3300.0,20.16,20.17,15.0,5.170000000000002
78,Golden Tate,WR,Giants,WAS,5000.0,4500.0,9800.0,3750.0,4900.0,-1250.0,-100.0,-500.0,4800.0,5300.0,0.0,0.0,9.7,-9.7
79,Mitchell Trubisky,QB,Bears,MIN,5000.0,6800.0,10500.0,5667.0,5250.0,667.0,250.0,1800.0,5500.0,3700.0,7.41,11.75,11.8,-0.05000000000000071
80,Kirk Cousins,QB,Vikings,CHI,5000.0,6900.0,10000.0,5750.0,5000.0,750.0,0.0,1900.0,5000.0,3100.0,12.92,12.93,12.6,0.33000000000000007
81,James White,RB,Patriots,BUF,4900.0,6200.0,9700.0,5167.0,4850.0,267.0,-50.0,1300.0,4800.0,3500.0,12.55,12.55,10.6,1.950000000000001
82,Parris Campbell,WR,Colts,OAK,4900.0,5600.0,10300.0,4667.0,5150.0,-233.0,250.0,700.0,5400.0,4700.0,5.13,5.13,4.3,0.8300000000000001
83,Case Keenum,QB,Redskins,NYG,4900.0,7200.0,10900.0,6000.0,5450.0,1100.0,550.0,2300.0,6000.0,3700.0,23.47,22.17,19.5,2.6700000000000017
84,Emmanuel Sanders,WR,Broncos,JAC,4900.0,5500.0,9300.0,4583.0,4650.0,-317.0,-250.0,600.0,4400.0,3800.0,17.13,17.13,14.1,3.0299999999999994
85,Delanie Walker,TE,Titans,ATL,4800.0,5700.0,8500.0,4750.0,4250.0,-50.0,-550.0,900.0,3700.0,2800.0,14.6,14.6,11.9,2.6999999999999993
86,Mike Williams,WR,Chargers,MIA,4800.0,6100.0,10300.0,5083.0,5150.0,283.0,350.0,1300.0,5500.0,4200.0,7.9,7.9,6.6,1.3000000000000007
87,Eli Manning,QB,Giants,WAS,4800.0,6000.0,10000.0,5000.0,5000.0,200.0,200.0,1200.0,5200.0,4000.0,15.52,15.52,13.5,2.0199999999999996
88,DK Metcalf,WR,Seahawks,ARI,4800.0,6100.0,9400.0,5083.0,4700.0,283.0,-100.0,1300.0,4600.0,3300.0,12.23,12.23,10.7,1.5300000000000011
89,Royce Freeman,RB,Broncos,JAC,4800.0,5500.0,9000.0,4583.0,4500.0,-217.0,-300.0,700.0,4200.0,3500.0,11.2,11.2,9.5,1.6999999999999993
90,Phillip Dorsett II,WR,Patriots,BUF,4700.0,5900.0,9900.0,4917.0,4950.0,217.0,250.0,1200.0,5200.0,4000.0,16.96,16.97,14.8,2.169999999999998
91,Cole Beasley,WR,Bills,NE,4700.0,5200.0,9000.0,4333.0,4500.0,-367.0,-200.0,500.0,4300.0,3800.0,12.03,12.03,9.2,2.83
92,Darrel Williams,RB,Chiefs,DET,4700.0,5500.0,9200.0,4583.0,4600.0,-117.0,-100.0,800.0,4500.0,3700.0,5.3,5.3,13.4,-8.100000000000001
93,Dwayne Haskins Jr.,QB,Redskins,NYG,4700.0,6000.0,10000.0,5000.0,5000.0,300.0,300.0,1300.0,5300.0,4000.0,0.0,0.0,0.0,0.0
94,Curtis Samuel,WR,Panthers,HOU,4600.0,5800.0,9900.0,4833.0,4950.0,233.0,350.0,1200.0,5300.0,4100.0,12.26,12.27,10.1,2.17
95,Wayne Gallman Jr.,RB,Giants,WAS,4600.0,5800.0,10800.0,4833.0,5400.0,233.0,800.0,1200.0,6200.0,5000.0,4.8,4.8,4.3,0.5
96,Tarik Cohen,RB,Bears,MIN,4600.0,5800.0,9100.0,4833.0,4550.0,233.0,-50.0,1200.0,4500.0,3300.0,8.7,7.27,5.3,1.9699999999999998
97,Joe Flacco,QB,Broncos,JAC,4600.0,6400.0,10200.0,5333.0,5100.0,733.0,500.0,1800.0,5600.0,3800.0,12.84,12.84,12.5,0.33999999999999986
98,Courtland Sutton,WR,Broncos,JAC,4600.0,5700.0,9300.0,4750.0,4650.0,150.0,50.0,1100.0,4700.0,3600.0,14.56,14.57,10.9,3.67
99,Will Fuller V,WR,Texans,CAR,4500.0,5900.0,9400.0,4917.0,4700.0,417.0,200.0,1400.0,4900.0,3500.0,9.0,9.0,7.2,1.7999999999999998
100,Zach Pascal,WR,Colts,OAK,4500.0,5400.0,9400.0,4500.0,4700.0,0.0,200.0,900.0,4900.0,4000.0,4.43,4.43,12.3,-7.870000000000001
101,Josh Rosen,QB,Dolphins,LAC,4500.0,6200.0,10000.0,5167.0,5000.0,667.0,500.0,1700.0,5500.0,3800.0,3.79,3.79,3.8,-0.009999999999999787
102,Chris Thompson,RB,Redskins,NYG,4500.0,5300.0,8800.0,4417.0,4400.0,-83.0,-100.0,800.0,4300.0,3500.0,12.45,13.23,10.6,2.630000000000001
103,Terry McLaurin,WR,Redskins,NYG,4500.0,6300.0,8800.0,5250.0,4400.0,750.0,-100.0,1800.0,4300.0,2500.0,21.85,20.9,17.2,3.6999999999999993
104,Willie Snead IV,WR,Ravens,CLE,4400.0,5000.0,8000.0,4167.0,4000.0,-233.0,-400.0,600.0,3600.0,3000.0,7.1,7.1,6.1,1.0
105,Frank Gore,RB,Bills,NE,4400.0,5700.0,8700.0,4750.0,4350.0,350.0,-50.0,1300.0,4300.0,3000.0,11.73,11.73,11.1,0.6300000000000008
106,Rex Burkhead,RB,Patriots,BUF,4400.0,5600.0,8300.0,4667.0,4150.0,267.0,-250.0,1200.0,3900.0,2700.0,13.73,13.73,11.6,2.130000000000001
107,Ryan Fitzpatrick,QB,Dolphins,LAC,4400.0,6000.0,10000.0,5000.0,5000.0,600.0,600.0,1600.0,5600.0,4000.0,4.5,4.51,4.5,0.009999999999999787
108,Malcolm Brown,RB,Rams,TB,4400.0,5500.0,9400.0,4583.0,4700.0,183.0,300.0,1100.0,5000.0,3900.0,7.9,7.9,7.7,0.20000000000000018
109,Ronald Jones II,RB,Buccaneers,LAR,4400.0,5100.0,8700.0,4250.0,4350.0,-150.0,-50.0,700.0,4300.0,3600.0,8.1,8.1,7.8,0.2999999999999998
110,Chase Daniel,QB,Bears,MIN,4400.0,6000.0,10000.0,5000.0,5000.0,600.0,600.0,1600.0,5600.0,4000.0,0.0,0.0,8.1,-8.1
111,Ryan Tannehill,QB,Titans,ATL,4300.0,6000.0,10000.0,5000.0,5000.0,700.0,700.0,1700.0,5700.0,4000.0,-0.2,-0.2,-0.2,0.0
112,Austin Hooper,TE,Falcons,TEN,4300.0,6400.0,8000.0,5333.0,4000.0,1033.0,-300.0,2100.0,3700.0,1600.0,16.23,16.23,13.1,3.130000000000001
113,Darwin Thompson,RB,Chiefs,DET,4300.0,4500.0,8400.0,3750.0,4200.0,-550.0,-100.0,200.0,4100.0,3900.0,0.73,0.73,0.6,0.13
114,Carlos Hyde,RB,Texans,CAR,4300.0,5900.0,8900.0,4917.0,4450.0,617.0,150.0,1600.0,4600.0,3000.0,8.8,8.8,8.6,0.20000000000000107
115,Adrian Peterson,RB,Redskins,NYG,4300.0,5500.0,8400.0,4583.0,4200.0,283.0,-100.0,1200.0,4100.0,2900.0,11.2,7.8,7.1,0.7000000000000002
116,Elijhaa Penny,RB,Giants,WAS,4300.0,5000.0,9500.0,4167.0,4750.0,-133.0,450.0,700.0,5200.0,4500.0,0.1,0.1,0.3,-0.19999999999999998
117,Peyton Barber,RB,Buccaneers,LAR,4300.0,5700.0,9000.0,4750.0,4500.0,450.0,200.0,1400.0,4700.0,3300.0,9.96,9.97,9.1,0.870000000000001
118,Marqise Lee,WR,Jaguars,DEN,4300.0,4500.0,8400.0,3750.0,4200.0,-550.0,-100.0,200.0,4100.0,3900.0,0.0,0.0,0.0,0.0
119,Corey Davis,WR,Titans,ATL,4200.0,5200.0,8400.0,4333.0,4200.0,133.0,0.0,1000.0,4200.0,3200.0,4.73,4.73,3.7,1.0300000000000002
120,Devin Singletary,RB,Bills,NE,4200.0,5400.0,9000.0,4500.0,4500.0,300.0,300.0,1200.0,4800.0,3600.0,13.25,13.25,12.0,1.25
121,Duke Johnson,RB,Texans,CAR,4200.0,5300.0,8400.0,4417.0,4200.0,217.0,0.0,1100.0,4200.0,3100.0,6.83,6.83,5.8,1.0300000000000002
122,Kenny Stills,WR,Texans,CAR,4200.0,5400.0,8400.0,4500.0,4200.0,300.0,0.0,1200.0,4200.0,3000.0,10.46,10.47,9.0,1.4700000000000006
123,Greg Olsen,TE,Panthers,HOU,4200.0,6000.0,8200.0,5000.0,4100.0,800.0,-100.0,1800.0,4000.0,2200.0,17.7,17.7,14.0,3.6999999999999993
124,Kenyan Drake,RB,Dolphins,LAC,4200.0,5300.0,7900.0,4417.0,3950.0,217.0,-250.0,1100.0,3700.0,2600.0,7.9,7.9,5.9,2.0
125,Rashaad Penny,RB,Seahawks,ARI,4200.0,5900.0,8800.0,4917.0,4400.0,717.0,200.0,1700.0,4600.0,2900.0,7.65,7.65,7.4,0.25
126,Sean Mannion,QB,Vikings,CHI,4200.0,6000.0,10000.0,5000.0,5000.0,800.0,800.0,1800.0,5800.0,4000.0,-0.2,-0.2,-0.2,0.0
127,Matt Schaub,QB,Falcons,TEN,4100.0,6000.0,10000.0,5000.0,5000.0,900.0,900.0,1900.0,5900.0,4000.0,0.0,0.0,0.3,-0.3
128,Mohamed Sanu,WR,Falcons,TEN,4100.0,5700.0,8100.0,4750.0,4050.0,650.0,-50.0,1600.0,4000.0,2400.0,10.0,10.0,7.5,2.5
129,Garrett Gilbert,QB,Browns,BAL,4100.0,6000.0,10000.0,5000.0,5000.0,900.0,900.0,1900.0,5900.0,4000.0,0.0,0.0,1.6,-1.6
130,Robert Griffin III,QB,Ravens,CLE,4100.0,6000.0,10000.0,5000.0,5000.0,900.0,900.0,1900.0,5900.0,4000.0,7.1,7.1,7.1,0.0
131,Matt Barkley,QB,Bills,NE,4100.0,6000.0,10000.0,5000.0,5000.0,900.0,900.0,1900.0,5900.0,4000.0,0.0,0.0,17.1,-17.1
132,Jarrett Stidham,QB,Patriots,BUF,4100.0,6000.0,10000.0,5000.0,5000.0,900.0,900.0,1900.0,5900.0,4000.0,-0.44,-0.44,-0.4,-0.03999999999999998
133,Matt Moore,QB,Chiefs,DET,4100.0,6000.0,10000.0,5000.0,5000.0,900.0,900.0,1900.0,5900.0,4000.0,-0.1,-0.1,-0.1,0.0
134,David Blough,QB,Lions,KC,4100.0,6000.0,10000.0,5000.0,5000.0,900.0,900.0,1900.0,5900.0,4000.0,0.0,0.0,0.0,0.0
135,Jeff Driskel,QB,Lions,,4100.0,,10000.0,,5000.0,,900.0,,5900.0,,0.0,0.0,,
136,AJ McCarron,QB,Texans,CAR,4100.0,6000.0,10000.0,5000.0,5000.0,900.0,900.0,1900.0,5900.0,4000.0,0.0,0.0,0.1,-0.1
137,Brian Hoyer,QB,Colts,OAK,4100.0,6000.0,10000.0,5000.0,5000.0,900.0,900.0,1900.0,5900.0,4000.0,0.0,0.0,-0.1,0.1
138,Mike Glennon,QB,Raiders,IND,4100.0,6000.0,10000.0,5000.0,5000.0,900.0,900.0,1900.0,5900.0,4000.0,0.0,0.0,5.5,-5.5
139,Tyrod Taylor,QB,Chargers,MIA,4100.0,6000.0,10000.0,5000.0,5000.0,900.0,900.0,1900.0,5900.0,4000.0,0.0,0.0,0.0,0.0
140,Justin Jackson,RB,Chargers,MIA,4100.0,6200.0,8900.0,5167.0,4450.0,1067.0,350.0,2100.0,4800.0,2700.0,7.16,7.17,6.2,0.9699999999999998
141,DeVante Parker,WR,Dolphins,LAC,4100.0,5000.0,8100.0,4167.0,4050.0,67.0,-50.0,900.0,4000.0,3100.0,6.36,6.37,5.4,0.9699999999999998
142,Hunter Henry,TE,Chargers,MIA,4100.0,6200.0,8100.0,5167.0,4050.0,1067.0,-50.0,2100.0,4000.0,1900.0,10.0,10.0,8.0,2.0
143,Colt McCoy,QB,Redskins,NYG,4100.0,6000.0,10000.0,5000.0,5000.0,900.0,900.0,1900.0,5900.0,4000.0,0.0,0.0,10.1,-10.1
144,Brett Hundley,QB,Cardinals,SEA,4100.0,6000.0,10000.0,5000.0,5000.0,900.0,900.0,1900.0,5900.0,4000.0,0.0,0.0,0.0,0.0
145,Geno Smith,QB,Seahawks,ARI,4100.0,6000.0,10000.0,5000.0,5000.0,900.0,900.0,1900.0,5900.0,4000.0,0.0,0.0,-0.4,0.4
146,Blaine Gabbert,QB,Buccaneers,LAR,4100.0,6000.0,10000.0,5000.0,5000.0,900.0,900.0,1900.0,5900.0,4000.0,0.0,0.0,4.6,-4.6
147,Blake Bortles,QB,Rams,TB,4100.0,6000.0,10000.0,5000.0,5000.0,900.0,900.0,1900.0,5900.0,4000.0,0.0,0.0,14.2,-14.2
148,Brandon Allen,QB,Broncos,JAC,4100.0,6000.0,10000.0,5000.0,5000.0,900.0,900.0,1900.0,5900.0,4000.0,0.0,0.0,0.0,0.0
149,Josh Dobbs,QB,Jaguars,DEN,4100.0,6000.0,10000.0,5000.0,5000.0,900.0,900.0,1900.0,5900.0,4000.0,0.0,0.0,0.4,-0.4
150,Adam Humphries,WR,Titans,ATL,4000.0,5200.0,7800.0,4333.0,3900.0,333.0,-100.0,1200.0,3800.0,2600.0,6.26,6.27,4.8,1.4699999999999998
151,Trace McSorley,QB,Ravens,CLE,4000.0,6000.0,10000.0,5000.0,5000.0,1000.0,1000.0,2000.0,6000.0,4000.0,0.0,0.0,0.0,0.0
152,Will Grier,QB,Panthers,HOU,4000.0,6000.0,10000.0,5000.0,5000.0,1000.0,1000.0,2000.0,6000.0,4000.0,0.0,0.0,0.0,0.0
153,Alex McGough,QB,Texans,CAR,4000.0,6000.0,10000.0,5000.0,5000.0,1000.0,1000.0,2000.0,6000.0,4000.0,0.0,0.0,0.0,0.0
154,Chad Kelly,QB,Colts,OAK,4000.0,6000.0,10000.0,5000.0,5000.0,1000.0,1000.0,2000.0,6000.0,4000.0,0.0,0.0,-0.1,0.1
155,DeShone Kizer,QB,Raiders,IND,4000.0,6000.0,10000.0,5000.0,5000.0,1000.0,1000.0,2000.0,6000.0,4000.0,0.0,0.0,2.5,-2.5
156,Nyheim Hines,RB,Colts,OAK,4000.0,4800.0,7800.0,4000.0,3900.0,0.0,-100.0,800.0,3800.0,3000.0,4.66,4.67,3.3,1.37
157,Jalen Richard,RB,Raiders,IND,4000.0,5000.0,7300.0,4167.0,3650.0,167.0,-350.0,1000.0,3300.0,2300.0,2.9,2.9,2.1,0.7999999999999998
158,Eric Ebron,TE,Colts,OAK,4000.0,5300.0,7800.0,4417.0,3900.0,417.0,-100.0,1300.0,3800.0,2500.0,7.0,7.0,5.8,1.2000000000000002
159,Easton Stick,QB,Chargers,MIA,4000.0,6000.0,10000.0,5000.0,5000.0,1000.0,1000.0,2000.0,6000.0,4000.0,0.0,0.0,0.0,0.0
160,Albert Wilson,WR,Dolphins,LAC,4000.0,4600.0,8500.0,3833.0,4250.0,-167.0,250.0,600.0,4500.0,3900.0,3.4,3.4,2.4,1.0
161,Alex Tanney,QB,Giants,WAS,4000.0,6000.0,10000.0,5000.0,5000.0,1000.0,1000.0,2000.0,6000.0,4000.0,0.0,0.0,0.0,0.0
162,C.J. Prosise,RB,Seahawks,ARI,4000.0,4800.0,7800.0,4000.0,3900.0,0.0,-100.0,800.0,3800.0,3000.0,4.76,4.77,5.2,-0.4300000000000006
163,Ryan Griffin,QB,Buccaneers,LAR,4000.0,6000.0,10000.0,5000.0,5000.0,1000.0,1000.0,2000.0,6000.0,4000.0,0.0,0.0,0.0,0.0
164,Chris Conley,WR,Jaguars,DEN,4000.0,5100.0,7800.0,4250.0,3900.0,250.0,-100.0,1100.0,3800.0,2700.0,12.66,12.67,10.7,1.9700000000000006
165,Danny Amendola,WR,Lions,KC,3900.0,4900.0,7100.0,4083.0,3550.0,183.0,-350.0,1000.0,3200.0,2200.0,11.36,11.37,8.5,2.869999999999999
166,Preston Williams,WR,Dolphins,LAC,3900.0,5200.0,7700.0,4333.0,3850.0,433.0,-50.0,1300.0,3800.0,2500.0,10.83,10.83,9.0,1.83
167,O.J. Howard,TE,Buccaneers,LAR,3900.0,5900.0,7200.0,4917.0,3600.0,1017.0,-300.0,2000.0,3300.0,1300.0,5.26,5.27,5.7,-0.4300000000000006
168,Alexander Mattison,RB,Vikings,CHI,3900.0,4900.0,7100.0,4083.0,3550.0,183.0,-350.0,1000.0,3200.0,2200.0,6.4,6.4,6.4,0.0
169,Hunter Renfrow,WR,Raiders,IND,3800.0,4900.0,8000.0,4083.0,4000.0,283.0,200.0,1100.0,4200.0,3100.0,5.36,5.37,3.9,1.4700000000000002
170,Kalen Ballage,RB,Dolphins,LAC,3800.0,4900.0,8000.0,4083.0,4000.0,283.0,200.0,1100.0,4200.0,3100.0,2.7,2.7,2.2,0.5
171,Chargers,DST,Chargers,MIA,3800.0,5300.0,7100.0,4417.0,3550.0,617.0,-250.0,1500.0,3300.0,1800.0,4.66,4.67,4.7,-0.03000000000000025
172,Trey Burton,TE,Bears,MIN,3800.0,4900.0,7400.0,4083.0,3700.0,283.0,-100.0,1100.0,3600.0,2500.0,2.5,4.25,2.8,1.4500000000000002
173,Dion Lewis,RB,Titans,ATL,3700.0,4900.0,7300.0,4083.0,3650.0,383.0,-50.0,1200.0,3600.0,2400.0,3.23,3.23,2.4,0.8300000000000001
174,Ito Smith,RB,Falcons,TEN,3700.0,4800.0,7400.0,4000.0,3700.0,300.0,0.0,1100.0,3700.0,2600.0,3.83,3.83,3.3,0.5300000000000002
175,A.J. Brown,WR,Titans,ATL,3700.0,4700.0,8200.0,3917.0,4100.0,217.0,400.0,1000.0,4500.0,3500.0,7.63,7.63,5.5,2.13
176,T.J. Yeldon,RB,Bills,NE,3700.0,4600.0,7300.0,3833.0,3650.0,133.0,-50.0,900.0,3600.0,2700.0,1.96,1.97,3.9,-1.93
177,Patriots,DST,Patriots,BUF,3700.0,4800.0,6400.0,4000.0,3200.0,300.0,-500.0,1100.0,2700.0,1600.0,20.33,19.33,20.3,-0.9700000000000024
178,Jack Doyle,TE,Colts,OAK,3700.0,5200.0,7800.0,4333.0,3900.0,633.0,200.0,1500.0,4100.0,2600.0,5.23,5.23,4.1,1.1300000000000008
179,Paul Richardson Jr.,WR,Redskins,NYG,3700.0,4700.0,7300.0,3917.0,3650.0,217.0,-50.0,1000.0,3600.0,2600.0,9.1,13.5,11.0,2.5
180,Malik Turner,WR,Seahawks,ARI,3700.0,4600.0,8000.0,3833.0,4000.0,133.0,300.0,900.0,4300.0,3400.0,4.1,4.1,4.9,-0.8000000000000007
181,Taylor Gabriel,WR,Bears,MIN,3700.0,4800.0,8200.0,4000.0,4100.0,300.0,400.0,1100.0,4500.0,3400.0,3.95,13.37,11.9,1.4699999999999989
182,Anthony Miller,WR,Bears,MIN,3700.0,5200.0,7300.0,4333.0,3650.0,633.0,-50.0,1500.0,3600.0,2100.0,0.6,1.23,0.9,0.32999999999999996
183,Jaguars,DST,Jaguars,DEN,3700.0,4700.0,6700.0,3917.0,3350.0,217.0,-350.0,1000.0,3000.0,2000.0,6.33,6.33,6.3,0.03000000000000025
184,Gus Edwards,RB,Ravens,CLE,3600.0,5300.0,6500.0,4417.0,3250.0,817.0,-350.0,1700.0,2900.0,1200.0,5.16,5.17,4.8,0.3700000000000001
185,J.J. Nelson,WR,Raiders,IND,3600.0,5200.0,7000.0,4333.0,3500.0,733.0,-100.0,1600.0,3400.0,1800.0,6.8,6.8,11.6,-4.8
186,Cody Latimer,WR,Giants,WAS,3600.0,5000.0,7100.0,4167.0,3550.0,567.0,-50.0,1400.0,3500.0,2100.0,8.2,8.2,6.7,1.4999999999999991
187,Giants,DST,Giants,WAS,3600.0,3800.0,5400.0,3167.0,2700.0,-433.0,-900.0,200.0,1800.0,1600.0,1.0,1.67,1.7,-0.030000000000000027
188,Chase Edmonds,RB,Cardinals,SEA,3600.0,4700.0,7100.0,3917.0,3550.0,317.0,-50.0,1100.0,3500.0,2400.0,2.56,2.57,2.1,0.46999999999999975
189,Will Dissly,TE,Seahawks,ARI,3600.0,5400.0,6800.0,4500.0,3400.0,900.0,-200.0,1800.0,3200.0,1400.0,14.13,14.13,12.1,2.030000000000001
190,Cordarrelle Patterson,WR,Bears,MIN,3600.0,4500.0,7000.0,3750.0,3500.0,150.0,-100.0,900.0,3400.0,2500.0,3.05,3.03,2.7,0.3299999999999996
191,DaeSean Hamilton,WR,Broncos,JAC,3600.0,5000.0,7100.0,4167.0,3550.0,567.0,-50.0,1400.0,3500.0,2100.0,2.0,2.0,2.0,0.0
192,Qadree Ollison,RB,Falcons,TEN,3500.0,4700.0,7000.0,3917.0,3500.0,417.0,0.0,1200.0,3500.0,2300.0,0.0,0.0,0.0,0.0
193,Dontrell Hilliard,RB,Browns,BAL,3500.0,4800.0,6500.0,4000.0,3250.0,500.0,-250.0,1300.0,3000.0,1700.0,4.4,4.4,8.3,-3.9000000000000004
194,Justice Hill,RB,Ravens,CLE,3500.0,4500.0,7000.0,3750.0,3500.0,250.0,0.0,1000.0,3500.0,2500.0,1.73,1.73,1.6,0.1299999999999999
195,Damion Ratley,WR,Browns,BAL,3500.0,4500.0,6200.0,3750.0,3100.0,250.0,-400.0,1000.0,2700.0,1700.0,5.43,5.43,4.3,1.13
196,Jakobi Meyers,WR,Patriots,BUF,3500.0,4500.0,6200.0,3750.0,3100.0,250.0,-400.0,1000.0,2700.0,1700.0,4.5,4.5,3.8,0.7000000000000002
197,Ben Watson,TE,Patriots,BUF,3500.0,4000.0,6500.0,3333.0,3250.0,-167.0,-250.0,500.0,3000.0,2500.0,0.0,0.0,5.3,-5.3
198,Jakeem Grant,WR,Dolphins,LAC,3500.0,4500.0,6900.0,3750.0,3450.0,250.0,-50.0,1000.0,3400.0,2400.0,3.86,3.87,2.2,1.67
199,Bennie Fowler III,WR,Giants,WAS,3500.0,4700.0,7500.0,3917.0,3750.0,417.0,250.0,1200.0,4000.0,2800.0,7.53,7.53,5.7,1.83
200,Darrell Henderson Jr.,RB,Rams,TB,3500.0,4700.0,6300.0,3917.0,3150.0,417.0,-350.0,1200.0,2800.0,1600.0,0.0,0.0,0.0,0.0
201,Rams,DST,Rams,TB,3500.0,4300.0,6700.0,3583.0,3350.0,83.0,-150.0,800.0,3200.0,2400.0,8.66,8.67,8.7,-0.02999999999999936
202,Kyle Rudolph,TE,Vikings,CHI,3500.0,4600.0,6500.0,3833.0,3250.0,333.0,-250.0,1100.0,3000.0,1900.0,2.0,2.0,1.3,0.7
203,Keelan Cole,WR,Jaguars,DEN,3500.0,4500.0,7000.0,3750.0,3500.0,250.0,0.0,1000.0,3500.0,2500.0,0.0,0.0,5.4,-5.4
204,Rashard Higgins,WR,Browns,BAL,3400.0,4500.0,6200.0,3750.0,3100.0,350.0,-300.0,1100.0,2800.0,1700.0,6.6,6.6,5.6,1.0
205,Chris Moore,WR,Ravens,CLE,3400.0,4700.0,6300.0,3917.0,3150.0,517.0,-250.0,1300.0,2900.0,1600.0,0.0,0.0,2.5,-2.5
206,Jordan Reed,TE,Redskins,NYG,3400.0,4500.0,6700.0,3750.0,3350.0,350.0,-50.0,1100.0,3300.0,2200.0,0.0,0.0,7.1,-7.1
207,Vernon Davis,TE,Redskins,NYG,3400.0,5100.0,7200.0,4250.0,3600.0,850.0,200.0,1700.0,3800.0,2100.0,10.9,8.93,7.4,1.5299999999999994
208,Michael Crabtree,WR,Cardinals,SEA,3400.0,4500.0,6600.0,3750.0,3300.0,350.0,-100.0,1100.0,3200.0,2100.0,3.1,3.1,2.1,1.0
209,David Moore,WR,Seahawks,ARI,3400.0,4800.0,6700.0,4000.0,3350.0,600.0,-50.0,1400.0,3300.0,1900.0,3.9,3.9,3.4,0.5
210,Jaron Brown,WR,Seahawks,ARI,3400.0,4500.0,6700.0,3750.0,3350.0,350.0,-50.0,1100.0,3300.0,2200.0,2.0,2.0,4.5,-2.5
211,Dare Ogunbowale,RB,Buccaneers,LAR,3400.0,4500.0,6600.0,3750.0,3300.0,350.0,-100.0,1100.0,3200.0,2100.0,4.83,4.83,3.5,1.33
212,Javon Wims,WR,Bears,MIN,3400.0,4500.0,6700.0,3750.0,3350.0,350.0,-50.0,1100.0,3300.0,2200.0,0.0,0.6,0.6,0.0
213,Bears,DST,Bears,MIN,3400.0,4700.0,6300.0,3917.0,3150.0,517.0,-250.0,1300.0,2900.0,1600.0,7.0,11.67,11.7,-0.02999999999999936
214,Vikings,DST,Vikings,CHI,3400.0,4000.0,6100.0,3333.0,3050.0,-67.0,-350.0,600.0,2700.0,2100.0,9.66,9.67,9.7,-0.02999999999999936
215,Hayden Hurst,TE,Ravens,CLE,3300.0,4400.0,6400.0,3667.0,3200.0,367.0,-100.0,1100.0,3100.0,2000.0,5.86,5.87,4.9,0.9699999999999998
216,Damien Harris,RB,Patriots,BUF,3300.0,4500.0,6000.0,3750.0,3000.0,450.0,-300.0,1200.0,2700.0,1500.0,0.0,0.0,0.0,0.0
217,T.J. Hockenson,TE,Lions,KC,3300.0,5200.0,6000.0,4333.0,3000.0,1033.0,-300.0,1900.0,2700.0,800.0,10.3,10.3,8.0,2.3000000000000007
218,Isaiah Crowell,RB,Raiders,,3300.0,,6400.0,,3200.0,,-100.0,,3100.0,,0.0,0.0,,
219,Damiere Byrd,WR,Cardinals,SEA,3300.0,4700.0,6400.0,3917.0,3200.0,617.0,-100.0,1400.0,3100.0,1700.0,7.2,7.2,5.2,2.0
220,Seahawks,DST,Seahawks,ARI,3300.0,3700.0,6400.0,3083.0,3200.0,-217.0,-100.0,400.0,3100.0,2700.0,7.5,5.67,5.7,-0.03000000000000025
221,Mike Davis,RB,Bears,MIN,3300.0,4900.0,6400.0,4083.0,3200.0,783.0,-100.0,1600.0,3100.0,1500.0,4.85,3.3,2.3,1.0
222,Chad Beebe,WR,Vikings,CHI,3300.0,4800.0,6400.0,4000.0,3200.0,700.0,-100.0,1500.0,3100.0,1600.0,3.0,3.0,2.7,0.2999999999999998
223,Ryquell Armstead,RB,Jaguars,DEN,3300.0,4500.0,6200.0,3750.0,3100.0,450.0,-200.0,1200.0,2900.0,1700.0,0.23,0.23,0.7,-0.47
224,Tajae Sharpe,WR,Titans,ATL,3200.0,4800.0,6300.0,4000.0,3150.0,800.0,-50.0,1600.0,3100.0,1500.0,4.46,4.47,3.8,0.6699999999999999
225,Ravens,DST,Ravens,CLE,3200.0,4200.0,6800.0,3500.0,3400.0,300.0,200.0,1000.0,3600.0,2600.0,5.66,5.67,5.7,-0.03000000000000025
226,Jordan Wilkins,RB,Colts,OAK,3200.0,4900.0,6300.0,4083.0,3150.0,883.0,-50.0,1700.0,3100.0,1400.0,3.13,3.13,4.4,-1.2700000000000005
227,Deon Cain,WR,Colts,OAK,3200.0,4500.0,6300.0,3750.0,3150.0,550.0,-50.0,1300.0,3100.0,1800.0,2.5,2.5,2.0,0.5
228,Darius Slayton,WR,Giants,WAS,3200.0,4800.0,6300.0,4000.0,3150.0,800.0,-50.0,1600.0,3100.0,1500.0,11.2,11.2,9.7,1.5
229,KeeSean Johnson,WR,Cardinals,SEA,3200.0,4600.0,6300.0,3833.0,3150.0,633.0,-50.0,1400.0,3100.0,1700.0,7.85,6.67,5.2,1.4699999999999998
230,Breshad Perriman,WR,Buccaneers,LAR,3200.0,4600.0,6300.0,3833.0,3150.0,633.0,-50.0,1400.0,3100.0,1700.0,1.96,1.97,1.5,0.47
231,Tyler Higbee,TE,Rams,TB,3200.0,5000.0,6300.0,4167.0,3150.0,967.0,-50.0,1800.0,3100.0,1300.0,8.05,8.05,6.6,1.450000000000001
232,Gerald Everett,TE,Rams,TB,3200.0,4500.0,6300.0,3750.0,3150.0,550.0,-50.0,1300.0,3100.0,1800.0,3.43,3.43,2.4,1.0300000000000002
233,Jakob Johnson,RB,Patriots,BUF,3100.0,4500.0,6000.0,3750.0,3000.0,650.0,-100.0,1400.0,2900.0,1500.0,0.0,0.0,0.0,0.0
234,Zay Jones,WR,Bills,NE,3100.0,4700.0,6000.0,3917.0,3000.0,817.0,-100.0,1600.0,2900.0,1300.0,3.83,3.83,3.0,0.8300000000000001
235,Robert Foster,WR,Bills,NE,3100.0,4500.0,6000.0,3750.0,3000.0,650.0,-100.0,1400.0,2900.0,1500.0,0.0,0.0,0.0,0.0
236,Isaiah McKenzie,WR,Bills,NE,3100.0,4500.0,6500.0,3750.0,3250.0,650.0,150.0,1400.0,3400.0,2000.0,5.1,5.1,6.9,-1.8000000000000007
237,Paul Perkins,RB,Lions,KC,3100.0,4500.0,6000.0,3750.0,3000.0,650.0,-100.0,1400.0,2900.0,1500.0,0.0,0.0,0.0,0.0
238,Marvin Hall,WR,Lions,,3100.0,,6000.0,,3000.0,,-100.0,,2900.0,,0.0,0.0,,
239,Jordan Scarlett,RB,Panthers,HOU,3100.0,4500.0,6000.0,3750.0,3000.0,650.0,-100.0,1400.0,2900.0,1500.0,0.0,0.0,0.0,0.0
240,Keke Coutee,WR,Texans,CAR,3100.0,4500.0,6000.0,3750.0,3000.0,650.0,-100.0,1400.0,2900.0,1500.0,1.35,1.35,1.7,-0.34999999999999987
241,DeAndre Carter,WR,Texans,CAR,3100.0,4500.0,6000.0,3750.0,3000.0,650.0,-100.0,1400.0,2900.0,1500.0,0.3,0.3,0.1,0.19999999999999998
242,Jordan Akins,TE,Texans,CAR,3100.0,5100.0,6000.0,4250.0,3000.0,1150.0,-100.0,2000.0,2900.0,900.0,9.83,9.83,8.8,1.0299999999999994
243,Texans,DST,Texans,CAR,3100.0,4400.0,6400.0,3667.0,3200.0,567.0,100.0,1300.0,3300.0,2000.0,6.66,6.67,6.7,-0.03000000000000025
244,Chester Rogers,WR,Colts,OAK,3100.0,4700.0,6000.0,3917.0,3000.0,817.0,-100.0,1600.0,2900.0,1300.0,1.8,1.8,2.0,-0.19999999999999996
245,Colts,DST,Colts,OAK,3100.0,4200.0,6400.0,3500.0,3200.0,400.0,100.0,1100.0,3300.0,2200.0,4.66,4.67,4.7,-0.03000000000000025
246,Wendell Smallwood,RB,Redskins,NYG,3100.0,4500.0,6000.0,3750.0,3000.0,650.0,-100.0,1400.0,2900.0,1500.0,1.65,1.1,2.3,-1.1999999999999997
247,Russell Shepard,WR,Giants,WAS,3100.0,4500.0,6000.0,3750.0,3000.0,650.0,-100.0,1400.0,2900.0,1500.0,1.83,1.83,2.0,-0.16999999999999993
248,Andy Isabella,WR,Cardinals,SEA,3100.0,4500.0,6000.0,3750.0,3000.0,650.0,-100.0,1400.0,2900.0,1500.0,0.0,0.0,0.0,0.0
249,Josh Reynolds,WR,Rams,TB,3100.0,4500.0,6000.0,3750.0,3000.0,650.0,-100.0,1400.0,2900.0,1500.0,0.0,0.0,0.0,0.0
250,Adam Shaheen,TE,Bears,MIN,3100.0,4500.0,6000.0,3750.0,3000.0,650.0,-100.0,1400.0,2900.0,1500.0,3.5,2.9,2.1,0.7999999999999998
251,Devontae Booker,RB,Broncos,JAC,3100.0,4500.0,6000.0,3750.0,3000.0,650.0,-100.0,1400.0,2900.0,1500.0,0.0,0.0,4.3,-4.3
252,Brian Hill,RB,Falcons,TEN,3000.0,4500.0,6000.0,3750.0,3000.0,750.0,0.0,1500.0,3000.0,1500.0,0.0,0.0,3.0,-3.0
253,Kenjon Barner,RB,Falcons,TEN,3000.0,4500.0,6000.0,3750.0,3000.0,750.0,0.0,1500.0,3000.0,1500.0,0.46,0.47,0.3,0.16999999999999998
254,Keith Smith,RB,Falcons,,3000.0,,6000.0,,3000.0,,0.0,,3000.0,,0.0,0.0,,
255,David Fluellen,RB,Titans,ATL,3000.0,4500.0,6000.0,3750.0,3000.0,750.0,0.0,1500.0,3000.0,1500.0,0.0,0.0,0.8,-0.8
256,Justin Hardy,WR,Falcons,TEN,3000.0,4500.0,6000.0,3750.0,3000.0,750.0,0.0,1500.0,3000.0,1500.0,3.23,3.23,2.4,0.8300000000000001
257,Russell Gage,WR,Falcons,TEN,3000.0,4500.0,6000.0,3750.0,3000.0,750.0,0.0,1500.0,3000.0,1500.0,0.73,0.73,0.9,-0.17000000000000004
258,Olamide Zaccheaus,WR,Falcons,TEN,3000.0,4500.0,6000.0,3750.0,3000.0,750.0,0.0,1500.0,3000.0,1500.0,0.0,0.0,0.0,0.0
259,Darius Jennings,WR,Titans,ATL,3000.0,4500.0,6000.0,3750.0,3000.0,750.0,0.0,1500.0,3000.0,1500.0,0.7,0.7,0.5,0.19999999999999996
260,D'Ernest Johnson,RB,Browns,BAL,3000.0,4700.0,6000.0,3917.0,3000.0,917.0,0.0,1700.0,3000.0,1300.0,4.53,4.53,5.6,-1.0699999999999994
261,Kareem Hunt,RB,Browns,BAL,3000.0,4500.0,6000.0,3750.0,3000.0,750.0,0.0,1500.0,3000.0,1500.0,0.0,0.0,19.7,-19.7
262,Patrick Ricard,RB,Ravens,,3000.0,,6000.0,,3000.0,,0.0,,3000.0,,2.8,2.8,,
263,Taywan Taylor,WR,Browns,BAL,3000.0,4500.0,6000.0,3750.0,3000.0,750.0,0.0,1500.0,3000.0,1500.0,0.0,0.0,0.0,0.0
264,KhaDarel Hodge,WR,Browns,BAL,3000.0,4500.0,6000.0,3750.0,3000.0,750.0,0.0,1500.0,3000.0,1500.0,0.0,0.0,0.9,-0.9
265,Miles Boykin,WR,Ravens,CLE,3000.0,4500.0,6000.0,3750.0,3000.0,750.0,0.0,1500.0,3000.0,1500.0,3.2,3.2,2.9,0.30000000000000027
266,Seth Roberts,WR,Ravens,CLE,3000.0,4500.0,6000.0,3750.0,3000.0,750.0,0.0,1500.0,3000.0,1500.0,2.56,2.57,3.1,-0.5300000000000002
267,Jaleel Scott,WR,Ravens,CLE,3000.0,4500.0,6000.0,3750.0,3000.0,750.0,0.0,1500.0,3000.0,1500.0,0.0,0.0,0.0,0.0
268,Patrick DiMarco,RB,Bills,,3000.0,,6000.0,,3000.0,,0.0,,3000.0,,1.43,1.43,,
269,Brandon Bolden,RB,Patriots,BUF,3000.0,4500.0,6000.0,3750.0,3000.0,750.0,0.0,1500.0,3000.0,1500.0,2.3,2.3,1.8,0.4999999999999998
270,James Develin,RB,Patriots,BUF,3000.0,4500.0,6000.0,3750.0,3000.0,750.0,0.0,1500.0,3000.0,1500.0,0.15,0.15,0.3,-0.15
271,Andre Roberts,WR,Bills,NE,3000.0,4500.0,6000.0,3750.0,3000.0,750.0,0.0,1500.0,3000.0,1500.0,0.0,0.0,0.0,0.0
272,Gunner Olszewski,WR,Patriots,BUF,3000.0,4500.0,6000.0,3750.0,3000.0,750.0,0.0,1500.0,3000.0,1500.0,-0.33,-0.33,-0.7,0.36999999999999994
273,Matthew Slater,WR,Patriots,BUF,3000.0,5000.0,6000.0,4167.0,3000.0,1167.0,0.0,2000.0,3000.0,1000.0,0.0,0.0,0.0,0.0
274,N'Keal Harry,WR,Patriots,,3000.0,,6000.0,,3000.0,,0.0,,3000.0,,0.0,0.0,,
275,Anthony Sherman,RB,Chiefs,DET,3000.0,4500.0,6000.0,3750.0,3000.0,750.0,0.0,1500.0,3000.0,1500.0,0.83,0.83,2.0,-1.17
276,Ty Johnson,RB,Lions,KC,3000.0,4500.0,6000.0,3750.0,3000.0,750.0,0.0,1500.0,3000.0,1500.0,2.56,2.57,2.1,0.46999999999999975
277,J.D. McKissic,RB,Lions,KC,3000.0,4600.0,6000.0,3833.0,3000.0,833.0,0.0,1600.0,3000.0,1400.0,3.0,3.0,2.7,0.2999999999999998
278,Nick Bawden,RB,Lions,KC,3000.0,4500.0,6000.0,3750.0,3000.0,750.0,0.0,1500.0,3000.0,1500.0,1.0,1.0,1.0,0.0
279,De'Anthony Thomas,WR,Chiefs,DET,3000.0,4500.0,6000.0,3750.0,3000.0,750.0,0.0,1500.0,3000.0,1500.0,0.8,0.8,0.6,0.20000000000000007
280,Byron Pringle,WR,Chiefs,DET,3000.0,4500.0,6000.0,3750.0,3000.0,750.0,0.0,1500.0,3000.0,1500.0,0.56,0.57,1.2,-0.63
281,Travis Fulgham,WR,Lions,KC,3000.0,4500.0,6000.0,3750.0,3000.0,750.0,0.0,1500.0,3000.0,1500.0,0.0,0.0,0.0,0.0
282,Chiefs,DST,Chiefs,DET,3000.0,3500.0,5900.0,2917.0,2950.0,-83.0,-50.0,500.0,2900.0,2400.0,6.0,6.0,6.0,0.0
283,Reggie Bonnafon,RB,Panthers,HOU,3000.0,4500.0,6000.0,3750.0,3000.0,750.0,0.0,1500.0,3000.0,1500.0,0.16,0.17,0.5,-0.32999999999999996
284,Alex Armah,RB,Panthers,HOU,3000.0,4500.0,6000.0,3750.0,3000.0,750.0,0.0,1500.0,3000.0,1500.0,2.56,2.57,3.6,-1.0300000000000002
285,Taiwan Jones,RB,Texans,CAR,3000.0,4500.0,6000.0,3750.0,3000.0,750.0,0.0,1500.0,3000.0,1500.0,0.0,0.0,0.0,0.0
286,Buddy Howell,RB,Texans,CAR,3000.0,4500.0,6000.0,3750.0,3000.0,750.0,0.0,1500.0,3000.0,1500.0,0.0,0.0,0.0,0.0
287,Cullen Gillaspia,RB,Texans,CAR,3000.0,4500.0,6000.0,3750.0,3000.0,750.0,0.0,1500.0,3000.0,1500.0,0.0,0.0,0.0,0.0
288,Jarius Wright,WR,Panthers,HOU,3000.0,4500.0,6000.0,3750.0,3000.0,750.0,0.0,1500.0,3000.0,1500.0,3.9,3.9,3.1,0.7999999999999998
289,Chris Hogan,WR,Panthers,HOU,3000.0,4500.0,6000.0,3750.0,3000.0,750.0,0.0,1500.0,3000.0,1500.0,1.26,1.27,0.9,0.37
290,Brandon Zylstra,WR,Panthers,HOU,3000.0,4500.0,6000.0,3750.0,3000.0,750.0,0.0,1500.0,3000.0,1500.0,0.0,0.0,0.6,-0.6
291,Ray-Ray McCloud,WR,Panthers,HOU,3000.0,4500.0,6000.0,3750.0,3000.0,750.0,0.0,1500.0,3000.0,1500.0,0.0,0.0,0.0,0.0
292,Jonathan Williams,RB,Colts,OAK,3000.0,4500.0,6000.0,3750.0,3000.0,750.0,0.0,1500.0,3000.0,1500.0,0.0,0.0,0.2,-0.2
293,DeAndre Washington,RB,Raiders,IND,3000.0,4500.0,6000.0,3750.0,3000.0,750.0,0.0,1500.0,3000.0,1500.0,2.83,2.83,2.5,0.33000000000000007
294,Alec Ingold,RB,Raiders,IND,3000.0,4500.0,6000.0,3750.0,3000.0,750.0,0.0,1500.0,3000.0,1500.0,0.0,0.0,0.0,0.0
295,Ryan Grant,WR,Raiders,IND,3000.0,4500.0,6000.0,3750.0,3000.0,750.0,0.0,1500.0,3000.0,1500.0,2.7,2.7,1.7,1.0000000000000002
296,Dwayne Harris,WR,Raiders,,3000.0,,6000.0,,3000.0,,0.0,,3000.0,,0.85,0.85,,
297,Trevor Davis,WR,Raiders,IND,3000.0,4500.0,6000.0,3750.0,3000.0,750.0,0.0,1500.0,3000.0,1500.0,1.9,1.9,1.6,0.2999999999999998
298,Keelan Doss,WR,Raiders,IND,3000.0,4500.0,6000.0,3750.0,3000.0,750.0,0.0,1500.0,3000.0,1500.0,0.0,0.0,0.0,0.0
299,Jalin Marshall,WR,Raiders,,3000.0,,6000.0,,3000.0,,0.0,,3000.0,,0.0,0.0,,
300,Troymaine Pope,RB,Chargers,MIA,3000.0,4500.0,6000.0,3750.0,3000.0,750.0,0.0,1500.0,3000.0,1500.0,0.0,0.0,0.0,0.0
301,Derek Watt,RB,Chargers,MIA,3000.0,4500.0,6000.0,3750.0,3000.0,750.0,0.0,1500.0,3000.0,1500.0,0.53,0.53,0.4,0.13
302,Mark Walton,RB,Dolphins,LAC,3000.0,4500.0,6000.0,3750.0,3000.0,750.0,0.0,1500.0,3000.0,1500.0,1.9,1.9,1.6,0.2999999999999998
303,Patrick Laird,RB,Dolphins,LAC,3000.0,4500.0,6000.0,3750.0,3000.0,750.0,0.0,1500.0,3000.0,1500.0,0.0,0.0,0.0,0.0
304,Myles Gaskin,RB,Dolphins,LAC,3000.0,4500.0,6000.0,3750.0,3000.0,750.0,0.0,1500.0,3000.0,1500.0,0.0,0.0,0.0,0.0
305,Chandler Cox,RB,Dolphins,LAC,3000.0,4500.0,6000.0,3750.0,3000.0,750.0,0.0,1500.0,3000.0,1500.0,0.0,0.0,0.0,0.0
306,Travis Benjamin,WR,Chargers,MIA,3000.0,4500.0,6000.0,3750.0,3000.0,750.0,0.0,1500.0,3000.0,1500.0,1.9,1.9,1.2,0.7
307,Geremy Davis,WR,Chargers,MIA,3000.0,4500.0,6000.0,3750.0,3000.0,750.0,0.0,1500.0,3000.0,1500.0,0.0,0.0,0.0,0.0
308,Dontrelle Inman,WR,Chargers,MIA,3000.0,4800.0,6000.0,4000.0,3000.0,1000.0,0.0,1800.0,3000.0,1200.0,2.86,2.87,2.4,0.4700000000000002
309,Allen Hurns,WR,Dolphins,LAC,3000.0,4500.0,6000.0,3750.0,3000.0,750.0,0.0,1500.0,3000.0,1500.0,2.36,2.37,1.9,0.4700000000000002
310,TJ Jones,WR,Giants,WAS,3000.0,4700.0,6000.0,3917.0,3000.0,917.0,0.0,1700.0,3000.0,1300.0,6.4,6.4,5.7,0.7000000000000002
311,Cody Core,WR,Giants,WAS,3000.0,4500.0,6000.0,3750.0,3000.0,750.0,0.0,1500.0,3000.0,1500.0,1.93,1.93,4.3,-2.37
312,Trey Quinn,WR,Redskins,NYG,3000.0,5400.0,6000.0,4500.0,3000.0,1500.0,0.0,2400.0,3000.0,600.0,10.45,9.63,7.5,2.130000000000001
313,Kelvin Harmon,WR,Redskins,NYG,3000.0,4500.0,6000.0,3750.0,3000.0,750.0,0.0,1500.0,3000.0,1500.0,2.55,1.7,4.1,-2.3999999999999995
314,Steven Sims Jr.,WR,Redskins,NYG,3000.0,4500.0,6000.0,3750.0,3000.0,750.0,0.0,1500.0,3000.0,1500.0,1.45,2.43,1.9,0.5300000000000002
315,Robert Davis,WR,Redskins,NYG,3000.0,4500.0,6000.0,3750.0,3000.0,750.0,0.0,1500.0,3000.0,1500.0,0.0,0.0,0.0,0.0
316,D.J. Foster,RB,Cardinals,SEA,3000.0,4500.0,6000.0,3750.0,3000.0,750.0,0.0,1500.0,3000.0,1500.0,0.0,0.0,0.0,0.0
317,Travis Homer,RB,Seahawks,ARI,3000.0,4500.0,6000.0,3750.0,3000.0,750.0,0.0,1500.0,3000.0,1500.0,0.0,0.0,0.0,0.0
318,Nick Bellore,RB,Seahawks,ARI,3000.0,4500.0,6000.0,3750.0,3000.0,750.0,0.0,1500.0,3000.0,1500.0,0.0,0.0,0.9,-0.9
319,Trent Sherfield,WR,Cardinals,SEA,3000.0,4500.0,6000.0,3750.0,3000.0,750.0,0.0,1500.0,3000.0,1500.0,0.0,0.0,0.0,0.0
320,John Ursua,WR,Seahawks,ARI,3000.0,4500.0,6000.0,3750.0,3000.0,750.0,0.0,1500.0,3000.0,1500.0,0.0,0.0,0.0,0.0
321,Gary Jennings,WR,Seahawks,ARI,3000.0,4500.0,6000.0,3750.0,3000.0,750.0,0.0,1500.0,3000.0,1500.0,0.0,0.0,0.0,0.0
322,T.J. Logan,RB,Buccaneers,LAR,3000.0,4500.0,6000.0,3750.0,3000.0,750.0,0.0,1500.0,3000.0,1500.0,0.0,0.0,0.0,0.0
323,Justin Watson,WR,Buccaneers,LAR,3000.0,4500.0,6000.0,3750.0,3000.0,750.0,0.0,1500.0,3000.0,1500.0,0.0,0.0,0.3,-0.3
324,Bobo Wilson,WR,Buccaneers,LAR,3000.0,4500.0,6000.0,3750.0,3000.0,750.0,0.0,1500.0,3000.0,1500.0,0.0,0.0,0.0,0.0
325,Scotty Miller,WR,Buccaneers,LAR,3000.0,4500.0,6000.0,3750.0,3000.0,750.0,0.0,1500.0,3000.0,1500.0,0.0,0.0,0.0,0.0
326,JoJo Natson,WR,Rams,TB,3000.0,4500.0,6000.0,3750.0,3000.0,750.0,0.0,1500.0,3000.0,1500.0,0.0,0.0,0.0,0.0
327,Mike Thomas,WR,Rams,TB,3000.0,4500.0,6000.0,3750.0,3000.0,750.0,0.0,1500.0,3000.0,1500.0,0.0,0.0,0.0,0.0
328,Nsimba Webster,WR,Rams,TB,3000.0,4500.0,6000.0,3750.0,3000.0,750.0,0.0,1500.0,3000.0,1500.0,0.0,0.0,0.0,0.0
329,Kerrith Whyte Jr.,RB,Bears,MIN,3000.0,4500.0,6000.0,3750.0,3000.0,750.0,0.0,1500.0,3000.0,1500.0,0.0,0.0,0.0,0.0
330,Ameer Abdullah,RB,Vikings,CHI,3000.0,4500.0,6000.0,3750.0,3000.0,750.0,0.0,1500.0,3000.0,1500.0,0.33,0.33,0.3,0.030000000000000027
331,Mike Boone,RB,Vikings,CHI,3000.0,4500.0,6000.0,3750.0,3000.0,750.0,0.0,1500.0,3000.0,1500.0,0.93,0.93,2.8,-1.8699999999999997
332,C.J. Ham,RB,Vikings,CHI,3000.0,4500.0,6000.0,3750.0,3000.0,750.0,0.0,1500.0,3000.0,1500.0,0.33,0.33,0.2,0.13
333,Riley Ridley,WR,Bears,MIN,3000.0,4500.0,6000.0,3750.0,3000.0,750.0,0.0,1500.0,3000.0,1500.0,0.0,0.0,0.0,0.0
334,Laquon Treadwell,WR,Vikings,,3000.0,,6000.0,,3000.0,,0.0,,3000.0,,0.0,0.0,,
335,Olabisi Johnson,WR,Vikings,CHI,3000.0,4500.0,6000.0,3750.0,3000.0,750.0,0.0,1500.0,3000.0,1500.0,0.0,0.0,0.0,0.0
336,Andy Janovich,RB,Broncos,JAC,3000.0,4500.0,6000.0,3750.0,3000.0,750.0,0.0,1500.0,3000.0,1500.0,0.0,0.0,2.4,-2.4
337,Tyler Ervin,RB,Jaguars,DEN,3000.0,4500.0,6000.0,3750.0,3000.0,750.0,0.0,1500.0,3000.0,1500.0,0.0,0.0,0.0,0.0
338,Devine Ozigbo,RB,Jaguars,DEN,3000.0,4500.0,6000.0,3750.0,3000.0,750.0,0.0,1500.0,3000.0,1500.0,0.0,0.0,0.0,0.0
339,Roc Thomas,RB,Jaguars,,3000.0,,6000.0,,3000.0,,0.0,,3000.0,,0.0,0.0,,
340,Diontae Spencer,WR,Broncos,JAC,3000.0,4500.0,6000.0,3750.0,3000.0,750.0,0.0,1500.0,3000.0,1500.0,0.0,0.0,0.0,0.0
341,Juwann Winfree,WR,Broncos,JAC,3000.0,4500.0,6000.0,3750.0,3000.0,750.0,0.0,1500.0,3000.0,1500.0,0.0,0.0,0.0,0.0
342,River Cracraft,WR,Broncos,,3000.0,,6000.0,,3000.0,,0.0,,3000.0,,0.0,0.0,,
343,C.J. Board,WR,Jaguars,DEN,3000.0,4500.0,6000.0,3750.0,3000.0,750.0,0.0,1500.0,3000.0,1500.0,0.0,0.0,0.0,0.0
344,James O'Shaughnessy,TE,Jaguars,DEN,3000.0,4600.0,5900.0,3833.0,2950.0,833.0,-50.0,1600.0,2900.0,1300.0,7.93,7.93,6.3,1.63
345,Falcons,DST,Falcons,TEN,2900.0,3900.0,5100.0,3250.0,2550.0,350.0,-350.0,1000.0,2200.0,1200.0,3.66,3.67,3.7,-0.03000000000000025
346,Nick Boyle,TE,Ravens,CLE,2900.0,4900.0,5600.0,4083.0,2800.0,1183.0,-100.0,2000.0,2700.0,700.0,5.93,5.93,4.6,1.33
347,Dawson Knox,TE,Bills,NE,2900.0,4700.0,5700.0,3917.0,2850.0,1017.0,-50.0,1800.0,2800.0,1000.0,6.83,6.83,6.0,0.8300000000000001
348,Ben Braunecker,TE,Bears,MIN,2900.0,4000.0,5600.0,3333.0,2800.0,433.0,-100.0,1100.0,2700.0,1600.0,2.2,1.47,3.4,-1.93
349,Irv Smith Jr.,TE,Vikings,CHI,2900.0,4600.0,5600.0,3833.0,2800.0,933.0,-100.0,1700.0,2700.0,1000.0,3.3,3.3,4.0,-0.7000000000000002
350,Geoff Swaim,TE,Jaguars,DEN,2900.0,4500.0,5600.0,3750.0,2800.0,850.0,-100.0,1600.0,2700.0,1100.0,3.96,3.97,2.6,1.37
351,Broncos,DST,Broncos,JAC,2900.0,4100.0,5400.0,3417.0,2700.0,517.0,-200.0,1200.0,2500.0,1300.0,0.33,0.33,0.3,0.030000000000000027
352,Jonnu Smith,TE,Titans,ATL,2800.0,4000.0,5600.0,3333.0,2800.0,533.0,0.0,1200.0,2800.0,1600.0,2.23,2.23,2.6,-0.3700000000000001
353,Ricky Seals-Jones,TE,Browns,BAL,2800.0,5000.0,5600.0,4167.0,2800.0,1367.0,0.0,2200.0,2800.0,600.0,1.2,1.2,1.9,-0.7
354,Darren Fells,TE,Texans,CAR,2800.0,4700.0,5600.0,3917.0,2800.0,1117.0,0.0,1900.0,2800.0,900.0,5.93,5.93,4.9,1.0299999999999994
355,Redskins,DST,Redskins,NYG,2800.0,4100.0,5100.0,3417.0,2550.0,617.0,-250.0,1300.0,2300.0,1000.0,1.0,2.33,2.3,0.03000000000000025
356,Cameron Brate,TE,Buccaneers,LAR,2800.0,4500.0,5600.0,3750.0,2800.0,950.0,0.0,1700.0,2800.0,1100.0,2.83,2.83,1.8,1.03
357,Matt LaCosse,TE,Patriots,BUF,2700.0,4000.0,5000.0,3333.0,2500.0,633.0,-200.0,1300.0,2300.0,1000.0,5.3,5.3,4.3,1.0
358,Raiders,DST,Raiders,IND,2700.0,3400.0,4400.0,2833.0,2200.0,133.0,-500.0,700.0,1700.0,1000.0,2.0,2.0,2.0,0.0
359,Nick Vannett,TE,Seahawks,ARI,2700.0,4500.0,5300.0,3750.0,2650.0,1050.0,-50.0,1800.0,2600.0,800.0,2.6,2.6,1.9,0.7000000000000002
360,Josh Oliver,TE,Jaguars,DEN,2700.0,4000.0,5300.0,3333.0,2650.0,633.0,-50.0,1300.0,2600.0,1300.0,0.0,0.0,0.0,0.0
361,Titans,DST,Titans,ATL,2600.0,3500.0,4700.0,2917.0,2350.0,317.0,-250.0,900.0,2100.0,1200.0,10.66,10.67,10.7,-0.02999999999999936
362,Tyler Kroft,TE,Bills,NE,2600.0,4000.0,5000.0,3333.0,2500.0,733.0,-100.0,1400.0,2400.0,1000.0,0.0,0.0,1.1,-1.1
363,Bills,DST,Bills,NE,2600.0,3400.0,4700.0,2833.0,2350.0,233.0,-250.0,800.0,2100.0,1300.0,9.0,9.0,9.0,0.0
364,Jesse James,TE,Lions,KC,2600.0,4000.0,5000.0,3333.0,2500.0,733.0,-100.0,1400.0,2400.0,1000.0,3.2,3.2,2.4,0.8000000000000003
365,Ian Thomas,TE,Panthers,HOU,2600.0,4000.0,5000.0,3333.0,2500.0,733.0,-100.0,1400.0,2400.0,1000.0,0.0,0.0,0.0,0.0
366,Virgil Green,TE,Chargers,MIA,2600.0,4000.0,5800.0,3333.0,2900.0,733.0,300.0,1400.0,3200.0,1800.0,1.1,1.1,1.1,0.0
367,Lance Kendricks,TE,Chargers,,2600.0,,5500.0,,2750.0,,150.0,,2900.0,,2.3,2.3,,
368,Mike Gesicki,TE,Dolphins,LAC,2600.0,4600.0,5000.0,3833.0,2500.0,1233.0,-100.0,2000.0,2400.0,400.0,3.7,3.7,2.7,1.0
369,Durham Smythe,TE,Dolphins,LAC,2600.0,4000.0,5000.0,3333.0,2500.0,733.0,-100.0,1400.0,2400.0,1000.0,1.13,1.13,1.5,-0.3700000000000001
370,Rhett Ellison,TE,Giants,WAS,2600.0,4000.0,5000.0,3333.0,2500.0,733.0,-100.0,1400.0,2400.0,1000.0,1.63,1.63,1.1,0.5299999999999998
371,Kaden Smith,TE,Giants,WAS,2600.0,4000.0,5000.0,3333.0,2500.0,733.0,-100.0,1400.0,2400.0,1000.0,0.0,0.0,0.0,0.0
372,Charles Clay,TE,Cardinals,SEA,2600.0,4200.0,5000.0,3500.0,2500.0,900.0,-100.0,1600.0,2400.0,800.0,1.66,1.67,1.2,0.47
373,Darrell Daniels,TE,Cardinals,SEA,2600.0,4000.0,5000.0,3333.0,2500.0,733.0,-100.0,1400.0,2400.0,1000.0,0.0,0.0,0.0,0.0
374,Noah Fant,TE,Broncos,JAC,2600.0,4600.0,5000.0,3833.0,2500.0,1233.0,-100.0,2000.0,2400.0,400.0,5.8,5.8,4.0,1.7999999999999998
375,Jeff Heuerman,TE,Broncos,JAC,2600.0,4500.0,5000.0,3750.0,2500.0,1150.0,-100.0,1900.0,2400.0,500.0,3.36,3.37,3.5,-0.1299999999999999
376,Luke Stocker,TE,Falcons,TEN,2500.0,4000.0,5000.0,3333.0,2500.0,833.0,0.0,1500.0,2500.0,1000.0,1.86,1.87,1.2,0.6700000000000002
377,Jaeden Graham,TE,Falcons,TEN,2500.0,4000.0,5000.0,3333.0,2500.0,833.0,0.0,1500.0,2500.0,1000.0,0.0,0.0,0.0,0.0
378,MyCole Pruitt,TE,Titans,ATL,2500.0,4000.0,5000.0,3333.0,2500.0,833.0,0.0,1500.0,2500.0,1000.0,0.0,0.0,0.0,0.0
379,Anthony Firkser,TE,Titans,ATL,2500.0,4000.0,5000.0,3333.0,2500.0,833.0,0.0,1500.0,2500.0,1000.0,0.0,0.0,4.8,-4.8
380,Beau Brinkley,TE,Titans,,2500.0,,5000.0,,2500.0,,0.0,,2500.0,,0.0,0.0,,
381,Demetrius Harris,TE,Browns,BAL,2500.0,4500.0,5000.0,3750.0,2500.0,1250.0,0.0,2000.0,2500.0,500.0,2.86,2.87,2.5,0.3700000000000001
382,Pharaoh Brown,TE,Browns,BAL,2500.0,4000.0,5000.0,3333.0,2500.0,833.0,0.0,1500.0,2500.0,1000.0,0.0,0.0,0.0,0.0
383,Rico Gathers,TE,Browns,BAL,2500.0,4000.0,5000.0,3333.0,2500.0,833.0,0.0,1500.0,2500.0,1000.0,0.0,0.0,1.0,-1.0
384,Browns,DST,Browns,BAL,2500.0,3500.0,4100.0,2917.0,2050.0,417.0,-450.0,1000.0,1600.0,600.0,7.33,7.33,7.3,0.03000000000000025
385,Lee Smith,TE,Bills,NE,2500.0,4000.0,5000.0,3333.0,2500.0,833.0,0.0,1500.0,2500.0,1000.0,0.6,0.6,0.6,0.0
386,Tommy Sweeney,TE,Bills,NE,2500.0,4000.0,5000.0,3333.0,2500.0,833.0,0.0,1500.0,2500.0,1000.0,2.26,2.27,1.8,0.47
387,Ryan Izzo,TE,Patriots,BUF,2500.0,4500.0,5000.0,3750.0,2500.0,1250.0,0.0,2000.0,2500.0,500.0,2.13,2.13,2.7,-0.5700000000000003
388,Deon Yelder,TE,Chiefs,DET,2500.0,4000.0,5000.0,3333.0,2500.0,833.0,0.0,1500.0,2500.0,1000.0,0.0,0.0,0.0,0.0
389,Blake Bell,TE,Chiefs,DET,2500.0,4000.0,5000.0,3333.0,2500.0,833.0,0.0,1500.0,2500.0,1000.0,0.93,0.93,0.6,0.33000000000000007
390,James Winchester,TE,Chiefs,,2500.0,,5000.0,,2500.0,,0.0,,2500.0,,0.0,0.0,,
391,Logan Thomas,TE,Lions,KC,2500.0,4000.0,5000.0,3333.0,2500.0,833.0,0.0,1500.0,2500.0,1000.0,1.4,1.4,1.6,-0.20000000000000018
392,Chris Manhertz,TE,Panthers,HOU,2500.0,4000.0,5000.0,3333.0,2500.0,833.0,0.0,1500.0,2500.0,1000.0,0.0,0.0,4.1,-4.1
393,Jerell Adams,TE,Texans,CAR,2500.0,4000.0,5000.0,3333.0,2500.0,833.0,0.0,1500.0,2500.0,1000.0,0.0,0.0,0.0,0.0
394,Logan Paulsen,TE,Texans,CAR,2500.0,4000.0,5000.0,3333.0,2500.0,833.0,0.0,1500.0,2500.0,1000.0,0.0,0.0,2.8,-2.8
395,Mo Alie-Cox,TE,Colts,OAK,2500.0,4200.0,5000.0,3500.0,2500.0,1000.0,0.0,1700.0,2500.0,800.0,1.93,1.93,1.4,0.53
396,Hale Hentges,TE,Colts,OAK,2500.0,4000.0,5000.0,3333.0,2500.0,833.0,0.0,1500.0,2500.0,1000.0,0.0,0.0,0.0,0.0
397,Foster Moreau,TE,Raiders,IND,2500.0,4000.0,5000.0,3333.0,2500.0,833.0,0.0,1500.0,2500.0,1000.0,1.7,1.7,1.8,-0.10000000000000009
398,Derek Carrier,TE,Raiders,IND,2500.0,4000.0,5000.0,3333.0,2500.0,833.0,0.0,1500.0,2500.0,1000.0,2.1,2.1,4.8,-2.6999999999999997
399,Sean Culkin,TE,Chargers,MIA,2500.0,4000.0,5000.0,3333.0,2500.0,833.0,0.0,1500.0,2500.0,1000.0,0.0,0.0,0.0,0.0
400,Nick O'Leary,TE,Dolphins,LAC,2500.0,4200.0,5000.0,3500.0,2500.0,1000.0,0.0,1700.0,2500.0,800.0,1.5,1.5,1.8,-0.30000000000000004
401,Garrett Dickerson,TE,Giants,WAS,2500.0,4000.0,5000.0,3333.0,2500.0,833.0,0.0,1500.0,2500.0,1000.0,0.0,0.0,0.0,0.0
402,Eric Tomlinson,TE,Giants,WAS,2500.0,4000.0,5000.0,3333.0,2500.0,833.0,0.0,1500.0,2500.0,1000.0,0.0,0.0,1.4,-1.4
403,Jeremy Sprinkle,TE,Redskins,NYG,2500.0,4000.0,5000.0,3333.0,2500.0,833.0,0.0,1500.0,2500.0,1000.0,1.95,2.6,1.9,0.7000000000000002
404,Maxx Williams,TE,Cardinals,SEA,2500.0,4000.0,5000.0,3333.0,2500.0,833.0,0.0,1500.0,2500.0,1000.0,1.86,1.87,2.3,-0.4299999999999997
405,Tyler Ott,TE,Seahawks,,2500.0,,5000.0,,2500.0,,0.0,,2500.0,,0.0,0.0,,
406,Antony Auclair,TE,Buccaneers,LAR,2500.0,4000.0,5000.0,3333.0,2500.0,833.0,0.0,1500.0,2500.0,1000.0,0.0,0.0,0.0,0.0
407,Tanner Hudson,TE,Buccaneers,LAR,2500.0,4000.0,5000.0,3333.0,2500.0,833.0,0.0,1500.0,2500.0,1000.0,0.0,0.0,0.0,0.0
408,Johnny Mundt,TE,Rams,TB,2500.0,4000.0,5000.0,3333.0,2500.0,833.0,0.0,1500.0,2500.0,1000.0,0.0,0.0,1.0,-1.0
409,Bradley Sowell,TE,Bears,,2500.0,,5000.0,,2500.0,,0.0,,2500.0,,0.0,0.0,,
410,J.P. Holtz,TE,Bears,,2500.0,,5000.0,,2500.0,,0.0,,2500.0,,0.0,0.0,,
411,Patrick Scales,TE,Bears,,2500.0,,5000.0,,2500.0,,0.0,,2500.0,,0.0,0.0,,
412,Tyler Conklin,TE,Vikings,CHI,2500.0,4000.0,5000.0,3333.0,2500.0,833.0,0.0,1500.0,2500.0,1000.0,0.0,0.0,2.5,-2.5
413,Troy Fumagalli,TE,Broncos,JAC,2500.0,4000.0,5000.0,3333.0,2500.0,833.0,0.0,1500.0,2500.0,1000.0,0.56,0.57,1.2,-0.63
414,Andrew Beck,TE,Broncos,JAC,2500.0,4000.0,5000.0,3333.0,2500.0,833.0,0.0,1500.0,2500.0,1000.0,0.0,0.0,0.0,0.0
415,Seth DeValve,TE,Jaguars,DEN,2500.0,4000.0,5000.0,3333.0,2500.0,833.0,0.0,1500.0,2500.0,1000.0,0.0,0.0,3.2,-3.2
416,Matt Orzech,TE,Jaguars,,2500.0,,5000.0,,2500.0,,0.0,,2500.0,,0.0,0.0,,
417,Cardinals,DST,Cardinals,SEA,2400.0,3200.0,4200.0,2667.0,2100.0,267.0,-300.0,800.0,1800.0,1000.0,3.0,3.0,3.0,0.0
418,Panthers,DST,Panthers,HOU,2300.0,3500.0,4300.0,2917.0,2150.0,617.0,-150.0,1200.0,2000.0,800.0,7.0,7.67,7.7,-0.03000000000000025
419,Lions,DST,Lions,KC,2200.0,3100.0,3800.0,2583.0,1900.0,383.0,-300.0,900.0,1600.0,700.0,9.66,9.67,9.7,-0.02999999999999936
420,Buccaneers,DST,Buccaneers,LAR,2100.0,3200.0,3900.0,2667.0,1950.0,567.0,-150.0,1100.0,1800.0,700.0,9.66,9.67,9.7,-0.02999999999999936
421,Dolphins,DST,Dolphins,LAC,2000.0,2500.0,3800.0,2083.0,1900.0,83.0,-100.0,500.0,1800.0,1300.0,0.66,0.67,0.7,-0.029999999999999916
422,Drew Brees,,Saints,,,,12900.0,,6450.0,,,,,,12.66,,,
423,Dak Prescott,,Cowboys,,,,12100.0,,6050.0,,,,,,29.53,,,
424,Teddy Bridgewater,,Saints,,,,10900.0,,5450.0,,,,,,11.69,,,
425,Taysom Hill,,Saints,,,,10000.0,,5000.0,,,,,,4.76,,,
426,Clayton Thorson,,Cowboys,,,,10000.0,,5000.0,,,,,,0.0,,,
427,Cooper Rush,,Cowboys,,,,10000.0,,5000.0,,,,,,0.0,,,
428,J.T. Barrett IV,,Saints,,,,10000.0,,5000.0,,,,,,0.0,,,
429,Mike White,,Cowboys,,,,10000.0,,5000.0,,,,,,0.0,,,
430,Taryn Christion,,Cowboys,,,,10000.0,,5000.0,,,,,,0.0,,,
431,Alvin Kamara,,Saints,,,,16600.0,,8300.0,,,,,,22.66,,,
432,Ezekiel Elliott,,Cowboys,,,,16100.0,,8050.0,,,,,,18.4,,,
433,Latavius Murray,,Saints,,,,10200.0,,5100.0,,,,,,5.4,,,
434,Tony Pollard,,Cowboys,,,,9900.0,,4950.0,,,,,,10.23,,,
435,Alfred Morris,,Cowboys,,,,6000.0,,3000.0,,,,,,0.0,,,
436,Daniel Lasco II,,Saints,,,,6000.0,,3000.0,,,,,,0.0,,,
437,Darnell Holland,,Saints,,,,6000.0,,3000.0,,,,,,0.0,,,
438,Dwayne Washington,,Saints,,,,6000.0,,3000.0,,,,,,0.0,,,
439,Jacquizz Rodgers,,Saints,,,,6000.0,,3000.0,,,,,,0.0,,,
440,Jamize Olawale,,Cowboys,,,,6000.0,,3000.0,,,,,,0.0,,,
441,Javorius Allen,,Saints,,,,6000.0,,3000.0,,,,,,0.0,,,
442,Jordan Chunn,,Cowboys,,,,6000.0,,3000.0,,,,,,0.0,,,
443,Kerwynn Williams,,Saints,,,,6000.0,,3000.0,,,,,,0.0,,,
444,Martez Carter,,Saints,,,,6000.0,,3000.0,,,,,,0.0,,,
445,Matt Dayes,,Saints,,,,6000.0,,3000.0,,,,,,0.0,,,
446,Michael Burton,,Saints,,,,6000.0,,3000.0,,,,,,0.0,,,
447,Mike Weber,,Cowboys,,,,6000.0,,3000.0,,,,,,0.0,,,
448,Rob Kelley,,Saints,,,,6000.0,,3000.0,,,,,,0.0,,,
449,Ryan Yurachek,,Cowboys,,,,6000.0,,3000.0,,,,,,0.0,,,
450,Taquan Mizzell Sr.,,Saints,,,,6000.0,,3000.0,,,,,,0.0,,,
451,Zach Line,,Saints,,,,6000.0,,3000.0,,,,,,0.0,,,
452,Amari Cooper,,Cowboys,,,,14900.0,,7450.0,,,,,,22.26,,,
453,Michael Thomas,,Saints,,,,14800.0,,7400.0,,,,,,20.2,,,
454,Michael Gallup,,Cowboys,,,,10500.0,,5250.0,,,,,,19.3,,,
455,Randall Cobb,,Cowboys,,,,10000.0,,5000.0,,,,,,9.9,,,
456,Ted Ginn Jr.,,Saints,,,,9600.0,,4800.0,,,,,,7.86,,,
457,Tre'Quan Smith,,Saints,,,,9500.0,,4750.0,,,,,,9.25,,,
458,Devin Smith,,Cowboys,,,,6500.0,,3250.0,,,,,,7.43,,,
459,Austin Carr,,Saints,,,,6500.0,,3250.0,,,,,,0.0,,,
460,Tavon Austin,,Cowboys,,,,6000.0,,3000.0,,,,,,1.8,,,
461,Deonte Harris,,Saints,,,,6000.0,,3000.0,,,,,,1.76,,,
462,Cedrick Wilson,,Cowboys,,,,6000.0,,3000.0,,,,,,0.0,,,
463,Cyril Grayson Jr.,,Saints,,,,6000.0,,3000.0,,,,,,0.0,,,
464,Dez Bryant,,Saints,,,,6000.0,,3000.0,,,,,,0.0,,,
465,Emmanuel Butler,,Saints,,,,6000.0,,3000.0,,,,,,0.0,,,
466,Jalen Guyton,,Cowboys,,,,6000.0,,3000.0,,,,,,0.0,,,
467,Jon'Vea Johnson,,Cowboys,,,,6000.0,,3000.0,,,,,,0.0,,,
468,Keith Kirkwood,,Saints,,,,6000.0,,3000.0,,,,,,0.0,,,
469,Krishawn Hogan,,Saints,,,,6000.0,,3000.0,,,,,,0.0,,,
470,Lance Lenoir Jr.,,Cowboys,,,,6000.0,,3000.0,,,,,,0.0,,,
471,Lil'Jordan Humphrey,,Saints,,,,6000.0,,3000.0,,,,,,0.0,,,
472,Micah Wright,,Saints,,,,6000.0,,3000.0,,,,,,0.0,,,
473,Noah Brown,,Cowboys,,,,6000.0,,3000.0,,,,,,0.0,,,
474,Reggie Davis,,Cowboys,,,,6000.0,,3000.0,,,,,,0.0,,,
475,Rishard Matthews,,Saints,,,,6000.0,,3000.0,,,,,,0.0,,,
476,Simmie Cobbs Jr.,,Saints,,,,6000.0,,3000.0,,,,,,0.0,,,
477,Terrance Williams,,Cowboys,,,,6000.0,,3000.0,,,,,,0.0,,,
478,Travin Dural,,Saints,,,,6000.0,,3000.0,,,,,,0.0,,,
479,Ventell Bryant,,Cowboys,,,,6000.0,,3000.0,,,,,,0.0,,,
480,Jared Cook,,Saints,,,,9900.0,,4950.0,,,,,,3.96,,,
481,Jason Witten,,Cowboys,,,,7000.0,,3500.0,,,,,,10.46,,,
482,Josh Hill,,Saints,,,,6500.0,,3250.0,,,,,,0.73,,,
483,Blake Jarwin,,Cowboys,,,,5500.0,,2750.0,,,,,,5.8,,,
484,A.J. Derby,,Saints,,,,5000.0,,2500.0,,,,,,0.0,,,
485,Alize Mack,,Saints,,,,5000.0,,2500.0,,,,,,0.0,,,
486,Codey McElroy,,Cowboys,,,,5000.0,,2500.0,,,,,,0.0,,,
487,Cole Hikutini,,Cowboys,,,,5000.0,,2500.0,,,,,,0.0,,,
488,Dalton Schultz,,Cowboys,,,,5000.0,,2500.0,,,,,,0.0,,,
489,Dan Arnold,,Saints,,,,5000.0,,2500.0,,,,,,0.0,,,
490,Garrett Griffin,,Saints,,,,5000.0,,2500.0,,,,,,0.0,,,
491,Marcus Lucas,,Cowboys,,,,5000.0,,2500.0,,,,,,0.0,,,
492,Michael Hoomanawanui,,Saints,,,,5000.0,,2500.0,,,,,,0.0,,,
493,Shane Smith,,Saints,,,,5000.0,,2500.0,,,,,,0.0,,,
494,Cowboys,,Cowboys,,,,5700.0,,2850.0,,,,,,6.33,,,
495,Saints,,Saints,,,,5600.0,,2800.0,,,,,,8.66,,,
496,Tyler Bray,,,MIN,,6000.0,,5000.0,,,,,,,,,0.0,
497,Kyle Shurmur,,,DET,,6000.0,,5000.0,,,,,,,,,0.0,
498,Logan Woodside,,,ATL,,6000.0,,5000.0,,,,,,,,,0.0,
499,Jake Rudock,,,LAC,,6000.0,,5000.0,,,,,,,,,0.0,
500,Nick Fitzgerald,,,LAR,,6000.0,,5000.0,,,,,,,,,0.0,
501,Jake Browning,,,CHI,,6000.0,,5000.0,,,,,,,,,0.0,
502,Nick Foles,,,DEN,,6000.0,,5000.0,,,,,,,,,7.0,
503,Drew Lock,,,JAC,,6000.0,,5000.0,,,,,,,,,0.0,
504,Drew Stanton,,,BAL,,6000.0,,5000.0,,,,,,,,,0.0,
505,Chase Litton,,,DEN,,6000.0,,5000.0,,,,,,,,,0.0,
506,Brett Rypien,,,JAC,,6000.0,,5000.0,,,,,,,,,0.0,
507,Josh Johnson,,,KC,,6000.0,,5000.0,,,,,,,,,13.4,
508,Phillip Walker,,,OAK,,6000.0,,5000.0,,,,,,,,,0.0,
509,Davis Webb,,,NE,,6000.0,,5000.0,,,,,,,,,0.0,
510,John Wolford,,,TB,,6000.0,,5000.0,,,,,,,,,0.0,
511,Danny Etling,,,TEN,,6000.0,,5000.0,,,,,,,,,0.0,
512,Derrius Guice,,,NYG,,5600.0,,4667.0,,,,,,,,,5.3,
513,Antonio Callaway,,,BAL,,5100.0,,4250.0,,,,,,,,,6.9,
514,Duke Williams,,,NE,,4500.0,,3750.0,,,,,,,,,0.0,
515,Juwan Foggie,,,NE,,4500.0,,3750.0,,,,,,,,,0.0,
516,Isaiah Ford,,,LAC,,4500.0,,3750.0,,,,,,,,,0.0,
517,Elijah McGuire,,,BAL,,4500.0,,3750.0,,,,,,,,,9.6,
518,Marcell Ateman,,,IND,,4500.0,,3750.0,,,,,,,,,4.8,
519,Chad Williams,,,OAK,,4500.0,,3750.0,,,,,,,,,3.2,
520,David Sills V,,,WAS,,4500.0,,3750.0,,,,,,,,,0.0,
521,Cody Thompson,,,DET,,4500.0,,3750.0,,,,,,,,,0.0,
522,Brandon Powell,,,TEN,,4500.0,,3750.0,,,,,,,,,3.1,
523,Detrez Newsome,,,MIA,,4500.0,,3750.0,,,,,,,,,2.6,
524,Jalen Harvey,,,ARI,,4500.0,,3750.0,,,,,,,,,0.0,
525,Deontez Alexander,,,KC,,4500.0,,3750.0,,,,,,,,,0.0,
526,Steven Mitchell Jr.,,,CAR,,4500.0,,3750.0,,,,,,,,,0.0,
527,Christopher Ezeala,,,CLE,,4500.0,,3750.0,,,,,,,,,0.0,
528,Cam Sims,,,NYG,,4500.0,,3750.0,,,,,,,,,0.0,
529,Damarea Crockett,,,IND,,4500.0,,3750.0,,,,,,,,,0.0,
530,Shelton Gibson,,,BAL,,4500.0,,3750.0,,,,,,,,,1.3,
531,Terry Wright,,,ARI,,4500.0,,3750.0,,,,,,,,,0.0,
532,Christian Blake,,,TEN,,4500.0,,3750.0,,,,,,,,,0.0,
533,Andre Patton,,,MIA,,4500.0,,3750.0,,,,,,,,,0.0,
534,De'Lance Turner,,,CLE,,4500.0,,3750.0,,,,,,,,,1.5,
535,Tyron Johnson,,,CAR,,4500.0,,3750.0,,,,,,,,,0.0,
536,DeAndrew White,,,HOU,,4500.0,,3750.0,,,,,,,,,0.0,
537,Papi White,,,ATL,,4500.0,,3750.0,,,,,,,,,0.0,
538,Jazz Ferguson,,,ARI,,4500.0,,3750.0,,,,,,,,,0.0,
539,Sean Modster,,,CLE,,4500.0,,3750.0,,,,,,,,,0.0,
540,Derrick Willies,,,BAL,,4500.0,,3750.0,,,,,,,,,7.6,
541,Parker Baldwin,,,TEN,,4500.0,,3750.0,,,,,,,,,0.0,
542,Khalfani Muhammad,,,JAC,,4500.0,,3750.0,,,,,,,,,0.0,
543,Jonathan Duhart,,,KC,,4500.0,,3750.0,,,,,,,,,0.0,
544,Jehu Chesson,,,NYG,,4500.0,,3750.0,,,,,,,,,0.2,
545,Antoine Wesley,,,CLE,,4500.0,,3750.0,,,,,,,,,0.0,
546,Chris Lacy,,,KC,,4500.0,,3750.0,,,,,,,,,0.0,
547,Davion Davis,,,CHI,,4500.0,,3750.0,,,,,,,,,0.0,
548,Brandon Dillon,,,CHI,,4500.0,,3750.0,,,,,,,,,0.0,
549,Quinton Flowers,,,OAK,,4500.0,,3750.0,,,,,,,,,0.0,
550,Marcus Marshall,,,DET,,4500.0,,3750.0,,,,,,,,,0.0,
551,Reggie White Jr.,,,WAS,,4500.0,,3750.0,,,,,,,,,0.0,
552,Thomas Ives,,,MIN,,4500.0,,3750.0,,,,,,,,,0.0,
553,Emanuel Hall,,,LAR,,4500.0,,3750.0,,,,,,,,,0.0,
554,Dillon Mitchell,,,CHI,,4500.0,,3750.0,,,,,,,,,0.0,
555,Stephen Carlson,,,BAL,,4500.0,,3750.0,,,,,,,,,0.0,
556,Ashton Dulin,,,OAK,,4500.0,,3750.0,,,,,,,,,0.0,
557,Artavis Scott,,,MIA,,4500.0,,3750.0,,,,,,,,,0.0,
558,Cody Hollister,,,ATL,,4500.0,,3750.0,,,,,,,,,0.0,
559,Tony Brooks-James,,,LAR,,4500.0,,3750.0,,,,,,,,,0.0,
560,Alfred Blue,,,DEN,,4500.0,,3750.0,,,,,,,,,5.5,
561,Hakeem Butler,,,SEA,,4500.0,,3750.0,,,,,,,,,0.0,
562,Mark Thompson,,,CLE,,4500.0,,3750.0,,,,,,,,,0.0,
563,Elijah Holyfield,,,HOU,,4500.0,,3750.0,,,,,,,,,0.0,
564,Karan Higdon Jr.,,,CAR,,4500.0,,3750.0,,,,,,,,,0.0,
565,Ryan Nall,,,MIN,,4500.0,,3750.0,,,,,,,,,0.0,
566,Khari Blasingame,,,CHI,,4500.0,,3750.0,,,,,,,,,0.0,
567,Jacob Hollister,,,ARI,,4500.0,,3750.0,,,,,,,,,3.6,
568,Tim Patrick,,,JAC,,4500.0,,3750.0,,,,,,,,,4.9,
569,Kalif Raymond,,,ATL,,4500.0,,3750.0,,,,,,,,,0.0,
570,Logan Tago,,,ARI,,4500.0,,3750.0,,,,,,,,,0.0,
571,Wes Hills,,,SEA,,4500.0,,3750.0,,,,,,,,,0.0,
572,Bruce Anderson III,,,OAK,,4500.0,,3750.0,,,,,,,,,0.0,
573,Michael Walker,,,DEN,,4500.0,,3750.0,,,,,,,,,0.0,
574,Jason Moore,,,MIA,,4500.0,,3750.0,,,,,,,,,0.0,
575,Fred Brown,,,JAC,,4500.0,,3750.0,,,,,,,,,0.0,
576,Dalyn Dawkins,,,ATL,,4500.0,,3750.0,,,,,,,,,0.0,
577,Jon Hilliman,,,WAS,,4500.0,,3750.0,,,,,,,,,0.0,
578,Jayson Stanley,,,TEN,,4500.0,,3750.0,,,,,,,,,0.0,
579,Christian Wade,,,NE,,4500.0,,3750.0,,,,,,,,,0.0,
580,Tom Kennedy,,,KC,,4500.0,,3750.0,,,,,,,,,0.0,
581,Craig Reynolds,,,NYG,,4500.0,,3750.0,,,,,,,,,0.0,
582,John Kelly,,,TB,,4500.0,,3750.0,,,,,,,,,3.7,
583,Caleb Wilson,,,SEA,,4000.0,,3333.0,,,,,,,,,0.0,
584,Eric Saubert,,,IND,,4000.0,,3333.0,,,,,,,,,1.5,
585,Parker Hesse,,,ATL,,4000.0,,3333.0,,,,,,,,,0.0,
586,Jerome Cunningham,,,KC,,4000.0,,3333.0,,,,,,,,,0.0,
587,Dwayne Allen,,,LAC,,4000.0,,3333.0,,,,,,,,,1.4,
588,Charles Jones,,,DEN,,4000.0,,3333.0,,,,,,,,,0.0,
589,Kendall Blanton,,,TB,,4000.0,,3333.0,,,,,,,,,0.0,
590,Stephen Anderson,,,MIA,,4000.0,,3333.0,,,,,,,,,0.0,
591,Charles Scarff,,,CLE,,4000.0,,3333.0,,,,,,,,,0.0,
592,Chris Myarick,,,LAC,,4000.0,,3333.0,,,,,,,,,0.0,
593,C.J. Conrad,,,WAS,,4000.0,,3333.0,,,,,,,,,0.0,
594,Temarrick Hemingway,,,HOU,,4000.0,,3333.0,,,,,,,,,0.0,
595,Isaac Nauta,,,KC,,4000.0,,3333.0,,,,,,,,,0.0,
596,Jake Butt,,,JAC,,4000.0,,3333.0,,,,,,,,,4.2,
597,Jordan Leggett,,,LAR,,4000.0,,3333.0,,,,,,,,,1.9,
598,Nate Becker,,,NE,,4000.0,,3333.0,,,,,,,,,0.0,
599,Matt Sokol,,,MIA,,4000.0,,3333.0,,,,,,,,,0.0,
600,Jesper Horsted,,,MIN,,4000.0,,3333.0,,,,,,,,,0.0,
