,name_dk,position_dk,team_draft,opponent_fd,salary_dk,salary_fd,salary_draft,fd_adj,draft_adj,adj_fd-dk,adj_draft-dk,fd-dk,draft-dk,draft-fd,avg_fppg_draft,avgpointspergame_dk,fppg_fd
0,Saquon Barkley,RB,Giants,TB,9100.0,9200.0,16700.0,7667.0,8350.0,-1433.0,-750.0,100.0,7600.0,7500.0,23.2,23.2,18.45000076
1,Ezekiel Elliott,RB,Cowboys,MIA,8900.0,8800.0,17100.0,7333.0,8550.0,-1567.0,-350.0,-100.0,8200.0,8300.0,18.15,18.15,15.89999962
2,Christian McCaffrey,RB,Panthers,ARI,8700.0,8900.0,16800.0,7417.0,8400.0,-1283.0,-300.0,200.0,8100.0,7900.0,26.6,26.6,22.10000038
3,Alvin Kamara,RB,Saints,SEA,8000.0,8000.0,14900.0,6667.0,7450.0,-1333.0,-550.0,0.0,6900.0,6900.0,15.45,15.45,13.44999981
4,Dalvin Cook,RB,Vikings,OAK,7800.0,8300.0,14600.0,6917.0,7300.0,-883.0,-500.0,500.0,6800.0,6300.0,30.05,30.05,25.79999924
5,DeAndre Hopkins,WR,Texans,LAC,7800.0,8900.0,14600.0,7417.0,7300.0,-383.0,-500.0,1100.0,6800.0,5700.0,34.1,21.55,16.79999924
6,Davante Adams,WR,Packers,DEN,7600.0,8200.0,13900.0,6833.0,6950.0,-767.0,-650.0,600.0,6300.0,5700.0,14.1,14.1,9.850000381000001
7,Patrick Mahomes,QB,Chiefs,BAL,7600.0,9200.0,13700.0,7667.0,6850.0,67.0,-750.0,1600.0,6100.0,4500.0,32.97,32.97,29.46999931
8,Amari Cooper,WR,Cowboys,MIA,7500.0,7700.0,13700.0,6417.0,6850.0,-1083.0,-650.0,200.0,6200.0,6000.0,20.0,20.0,16.0
9,Michael Thomas,WR,Saints,SEA,7400.0,8000.0,13700.0,6667.0,6850.0,-733.0,-550.0,600.0,6300.0,5700.0,25.3,22.1,15.60000038
10,Julio Jones,WR,Falcons,IND,7300.0,8300.0,14000.0,6917.0,7000.0,-383.0,-300.0,1000.0,6700.0,5700.0,22.85,22.85,18.60000038
11,Austin Ekeler,RB,Chargers,HOU,7200.0,7600.0,14700.0,6333.0,7350.0,-867.0,150.0,400.0,7500.0,7100.0,31.85,31.85,28.35000038
12,Travis Kelce,TE,Chiefs,BAL,7100.0,8000.0,13300.0,6667.0,6650.0,-433.0,-450.0,900.0,6200.0,5300.0,19.25,19.25,15.25
13,Antonio Brown,WR,Patriots,NYJ,7100.0,7700.0,16300.0,6417.0,8150.0,-683.0,1050.0,600.0,9200.0,8600.0,16.1,16.1,14.10000038
14,Lamar Jackson,QB,Ravens,KC,7000.0,8500.0,13500.0,7083.0,6750.0,83.0,-250.0,1500.0,6500.0,5000.0,36.56,35.22,32.22000122
15,Tyreek Hill,WR,Chiefs,BAL,7000.0,7600.0,13200.0,6333.0,6600.0,-667.0,-400.0,600.0,6200.0,5600.0,4.1,4.1,3.099999905
16,Le'Veon Bell,RB,Jets,NE,7000.0,7700.0,14500.0,6417.0,7250.0,-583.0,250.0,700.0,7500.0,6800.0,23.2,22.55,18.04999924
17,Keenan Allen,WR,Chargers,HOU,7000.0,7800.0,13300.0,6500.0,6650.0,-500.0,-350.0,800.0,6300.0,5500.0,23.55,23.55,18.04999924
18,Chris Godwin,WR,Buccaneers,NYG,6900.0,7600.0,12500.0,6333.0,6250.0,-567.0,-650.0,700.0,5600.0,4900.0,21.7,21.7,17.45000076
19,Melvin Gordon III,RB,Chargers,HOU,6900.0,4500.0,13000.0,3750.0,6500.0,-3150.0,-400.0,-2400.0,6100.0,8500.0,0.0,0.0,20.875
20,JuJu Smith-Schuster,WR,Steelers,SF,6900.0,7500.0,12100.0,6250.0,6050.0,-650.0,-850.0,600.0,5200.0,4600.0,13.6,13.6,10.85000038
21,A.J. Green,WR,Bengals,BUF,6800.0,7100.0,12700.0,5917.0,6350.0,-883.0,-450.0,300.0,5900.0,5600.0,0.0,0.0,14.04444461
22,Sammy Watkins,WR,Chiefs,BAL,6800.0,7100.0,12700.0,5917.0,6350.0,-883.0,-450.0,300.0,5900.0,5600.0,30.35,30.35,25.10000038
23,David Johnson,RB,Cardinals,CAR,6800.0,7000.0,12400.0,5833.0,6200.0,-967.0,-600.0,200.0,5600.0,5400.0,17.05,17.05,15.30000019
24,Adam Thielen,WR,Vikings,OAK,6700.0,7000.0,12300.0,5833.0,6150.0,-867.0,-550.0,300.0,5600.0,5300.0,12.9,12.9,10.89999962
25,Tom Brady,QB,Patriots,NYJ,6600.0,7800.0,12900.0,6500.0,6450.0,-100.0,-150.0,1200.0,6300.0,5100.0,26.65,26.65,25.14999962
26,Kenny Golladay,WR,Lions,PHI,6600.0,7000.0,12300.0,5833.0,6150.0,-767.0,-450.0,400.0,5700.0,5300.0,21.45,21.45,16.95000076
27,Mike Evans,WR,Buccaneers,NYG,6600.0,7100.0,13100.0,5917.0,6550.0,-683.0,-50.0,500.0,6500.0,6000.0,7.45,7.45,5.9499998089999995
28,Tyler Boyd,WR,Bengals,BUF,6500.0,6600.0,11900.0,5500.0,5950.0,-1000.0,-550.0,100.0,5400.0,5300.0,19.75,19.75,13.75
29,Dak Prescott,QB,Cowboys,MIA,6500.0,8400.0,12300.0,7000.0,6150.0,500.0,-350.0,1900.0,5800.0,3900.0,32.53,32.53,31.03000069
30,T.Y. Hilton,WR,Colts,ATL,6400.0,7400.0,12100.0,6167.0,6050.0,-233.0,-350.0,1000.0,5700.0,4700.0,21.5,21.5,18.5
31,Deshaun Watson,QB,Texans,LAC,6400.0,8200.0,12400.0,6833.0,6200.0,433.0,-200.0,1800.0,6000.0,4200.0,31.72,22.29,22.29000092
32,James Conner,RB,Steelers,SF,6400.0,7400.0,13100.0,6167.0,6550.0,-233.0,150.0,1000.0,6700.0,5700.0,12.0,12.0,10.25
33,Julian Edelman,WR,Patriots,NYJ,6300.0,6900.0,11600.0,5750.0,5800.0,-550.0,-500.0,600.0,5300.0,4700.0,12.79,12.79,10.28999996
34,Russell Wilson,QB,Seahawks,NO,6300.0,7600.0,13300.0,6333.0,6650.0,33.0,350.0,1300.0,7000.0,5700.0,22.4,22.4,20.39999962
35,Tyler Lockett,WR,Seahawks,NO,6200.0,6600.0,12500.0,5500.0,6250.0,-700.0,50.0,400.0,6300.0,5900.0,14.65,14.65,11.89999962
36,Jimmy Garoppolo,QB,49ers,PIT,6200.0,7200.0,11700.0,6000.0,5850.0,-200.0,-350.0,1000.0,5500.0,4500.0,11.44,17.54,17.54000092
37,Aaron Rodgers,QB,Packers,DEN,6100.0,7900.0,11400.0,6583.0,5700.0,483.0,-400.0,1800.0,5300.0,3500.0,14.14,14.14,13.64000034
38,Aaron Jones,RB,Packers,DEN,6100.0,6900.0,11400.0,5750.0,5700.0,-350.0,-400.0,800.0,5300.0,4500.0,16.45,16.45,13.69999981
39,Stefon Diggs,WR,Vikings,OAK,6000.0,6700.0,12000.0,5583.0,6000.0,-417.0,0.0,700.0,6000.0,5300.0,8.3,8.3,7.0500001910000005
40,Sony Michel,RB,Patriots,NYJ,6000.0,6800.0,11800.0,5667.0,5900.0,-333.0,-100.0,800.0,5800.0,5000.0,7.45,7.35,6.849999905
41,Cam Newton,QB,Panthers,ARI,6000.0,7900.0,10800.0,6583.0,5400.0,583.0,-600.0,1900.0,4800.0,2900.0,11.34,11.34,8.840000153
42,Drew Brees,QB,Saints,SEA,6000.0,7700.0,11300.0,6417.0,5650.0,417.0,-350.0,1700.0,5300.0,3600.0,12.66,12.66,11.15999985
43,Josh Allen,QB,Bills,CIN,5900.0,7500.0,12400.0,6250.0,6200.0,350.0,300.0,1600.0,6500.0,4900.0,21.09,21.09,20.09000015
44,Marquise Brown,WR,Ravens,KC,5900.0,6100.0,11000.0,5083.0,5500.0,-817.0,-400.0,200.0,5100.0,4900.0,25.15,25.15,20.64999962
45,DJ Moore,WR,Panthers,ARI,5900.0,6500.0,10500.0,5417.0,5250.0,-483.0,-650.0,600.0,4600.0,4000.0,15.75,15.75,11.25
46,Chris Carson,RB,Seahawks,NO,5900.0,7000.0,11500.0,5833.0,5750.0,-67.0,-150.0,1100.0,5600.0,4500.0,17.85,17.85,14.60000038
47,Marlon Mack,RB,Colts,ATL,5800.0,7000.0,10900.0,5833.0,5450.0,33.0,-350.0,1200.0,5100.0,3900.0,18.35,18.35,16.35000038
48,DeSean Jackson,WR,Eagles,DET,5800.0,6600.0,10900.0,5500.0,5450.0,-300.0,-350.0,800.0,5100.0,4300.0,19.2,19.2,31.39999962
49,Kyler Murray,QB,Cardinals,CAR,5800.0,7200.0,10500.0,6000.0,5250.0,200.0,-550.0,1400.0,4700.0,3300.0,22.49,22.49,19.48999977
50,Philip Rivers,QB,Chargers,HOU,5800.0,7500.0,10600.0,6250.0,5300.0,450.0,-500.0,1700.0,4800.0,3100.0,19.92,19.92,18.42000008
51,Michael Gallup,WR,Cowboys,MIA,5700.0,6400.0,10600.0,5333.0,5300.0,-367.0,-400.0,700.0,4900.0,4200.0,19.3,19.3,14.55000019
52,Matt Ryan,QB,Falcons,IND,5700.0,7800.0,11200.0,6500.0,5600.0,800.0,-100.0,2100.0,5500.0,3400.0,24.33,24.33,21.32999992
53,Mark Ingram II,RB,Ravens,KC,5700.0,7100.0,11800.0,5917.0,5900.0,217.0,200.0,1400.0,6100.0,4700.0,25.7,17.7,15.69999981
54,Alshon Jeffery,WR,Eagles,DET,5700.0,6700.0,11600.0,5583.0,5800.0,-117.0,100.0,1000.0,5900.0,4900.0,11.05,11.05,19.60000038
55,Zach Ertz,TE,Eagles,DET,5700.0,6900.0,11900.0,5750.0,5950.0,50.0,250.0,1200.0,6200.0,5000.0,13.8,13.8,10.55000019
56,Tyrell Williams,WR,Raiders,MIN,5600.0,6200.0,11300.0,5167.0,5650.0,-433.0,50.0,600.0,5700.0,5100.0,20.55,20.55,16.29999924
57,Carson Wentz,QB,Eagles,DET,5600.0,7700.0,11600.0,6417.0,5800.0,817.0,200.0,2100.0,6000.0,3900.0,23.78,23.78,22.28000069
58,Kerryon Johnson,RB,Lions,PHI,5600.0,6600.0,10100.0,5500.0,5050.0,-100.0,-550.0,1000.0,4500.0,3500.0,12.5,12.5,11.5
59,Ben Roethlisberger,QB,Steelers,SF,5600.0,7400.0,11200.0,6167.0,5600.0,567.0,0.0,1800.0,5600.0,3800.0,6.87,6.87,6.8699998860000004
60,George Kittle,TE,49ers,PIT,5600.0,6600.0,10300.0,5500.0,5150.0,-100.0,-450.0,1000.0,4700.0,3700.0,13.4,10.9,8.149999618999999
61,Joe Mixon,RB,Bengals,BUF,5500.0,6500.0,9900.0,5417.0,4950.0,-83.0,-550.0,1000.0,4400.0,3400.0,4.7,4.7,3.450000048
62,John Brown,WR,Bills,CIN,5500.0,5900.0,10500.0,4917.0,5250.0,-583.0,-250.0,400.0,5000.0,4600.0,21.25,21.25,16.25
63,Matthew Stafford,QB,Lions,PHI,5500.0,6900.0,10800.0,5750.0,5400.0,250.0,-100.0,1400.0,5300.0,3900.0,24.35,24.35,22.35000038
64,Josh Gordon,WR,Patriots,NYJ,5400.0,6000.0,10200.0,5000.0,5100.0,-400.0,-300.0,600.0,4800.0,4200.0,16.3,10.1,8.850000381000001
65,Jameis Winston,QB,Buccaneers,NYG,5400.0,7300.0,11100.0,6083.0,5550.0,683.0,150.0,1900.0,5700.0,3800.0,11.64,11.64,11.64000034
66,Matt Breida,RB,49ers,PIT,5400.0,5900.0,10100.0,4917.0,5050.0,-483.0,-350.0,500.0,4700.0,4200.0,10.45,10.45,8.699999809
67,Andy Dalton,QB,Bengals,BUF,5300.0,7100.0,10000.0,5917.0,5000.0,617.0,-300.0,1800.0,4700.0,2900.0,24.18,24.18,20.18000031
68,Calvin Ridley,WR,Falcons,IND,5300.0,6500.0,10500.0,5417.0,5250.0,117.0,-50.0,1200.0,5200.0,4000.0,21.95,21.95,17.45000076
69,Josh Jacobs,RB,Raiders,MIN,5300.0,6500.0,10000.0,5417.0,5000.0,117.0,-300.0,1200.0,4700.0,3500.0,17.1,17.1,16.85000038
70,Jaylen Samuels,RB,Steelers,SF,5300.0,6100.0,10100.0,5083.0,5050.0,-217.0,-250.0,800.0,4800.0,4000.0,2.85,2.85,2.349999905
71,Jacoby Brissett,QB,Colts,ATL,5200.0,6800.0,10900.0,5667.0,5450.0,467.0,250.0,1600.0,5700.0,4100.0,17.42,17.42,16.92000008
72,Damien Williams,RB,Chiefs,BAL,5200.0,6400.0,10200.0,5333.0,5100.0,133.0,-100.0,1200.0,5000.0,3800.0,18.5,13.55,11.30000019
73,Demarcus Robinson,WR,Chiefs,BAL,5200.0,6700.0,10700.0,5583.0,5350.0,383.0,150.0,1500.0,5500.0,4000.0,19.6,19.6,16.35000038
74,Evan Engram,TE,Giants,TB,5200.0,6400.0,9500.0,5333.0,4750.0,133.0,-450.0,1200.0,4300.0,3100.0,21.2,21.2,15.44999981
75,John Ross III,WR,Bengals,BUF,5100.0,6700.0,9900.0,5583.0,4950.0,483.0,-150.0,1600.0,4800.0,3200.0,31.0,31.0,25.25
76,Kirk Cousins,QB,Vikings,OAK,5100.0,7200.0,10900.0,6000.0,5450.0,900.0,350.0,2100.0,5800.0,3700.0,13.11,13.11,12.60999966
77,James White,RB,Patriots,NYJ,5100.0,6200.0,10100.0,5167.0,5050.0,67.0,-50.0,1100.0,5000.0,3900.0,12.55,12.55,10.55000019
78,Larry Fitzgerald,WR,Cardinals,CAR,5100.0,5900.0,10100.0,4917.0,5050.0,-183.0,-50.0,800.0,5000.0,4200.0,23.35,23.35,17.10000038
79,Eli Manning,QB,Giants,TB,5100.0,6400.0,10200.0,5333.0,5100.0,233.0,0.0,1300.0,5100.0,3800.0,18.84,15.52,13.52000046
80,LeSean McCoy,RB,Chiefs,BAL,5000.0,5500.0,9100.0,4583.0,4550.0,-417.0,-450.0,500.0,4100.0,3600.0,7.8,7.8,6.8000001910000005
81,Mecole Hardman,WR,Chiefs,BAL,5000.0,6300.0,10400.0,5250.0,5200.0,250.0,200.0,1300.0,5400.0,4100.0,8.05,8.05,7.0500001910000005
82,Sam Darnold,QB,Jets,NE,5000.0,6000.0,10000.0,5000.0,5000.0,0.0,0.0,1000.0,5000.0,4000.0,13.0,13.0,13.0
83,Marvin Jones Jr.,WR,Lions,PHI,5000.0,5400.0,10300.0,4500.0,5150.0,-500.0,150.0,400.0,5300.0,4900.0,9.65,9.65,7.400000095
84,Christian Kirk,WR,Cardinals,CAR,5000.0,5900.0,10500.0,4917.0,5250.0,-83.0,250.0,900.0,5500.0,4600.0,15.4,15.4,11.39999962
85,Daniel Jones,QB,Giants,TB,5000.0,6000.0,10000.0,5000.0,5000.0,0.0,0.0,1000.0,5000.0,4000.0,0.18,0.18,-0.8199999929999999
86,Marquise Goodwin,WR,49ers,PIT,5000.0,5400.0,9100.0,4500.0,4550.0,-500.0,-450.0,400.0,4100.0,3700.0,9.2,9.2,8.199999809
87,Devonta Freeman,RB,Falcons,IND,4900.0,6200.0,9300.0,5167.0,4650.0,267.0,-250.0,1300.0,4400.0,3100.0,5.1,7.25,5.25
88,Derek Carr,QB,Raiders,MIN,4900.0,6700.0,10200.0,5583.0,5100.0,683.0,200.0,1800.0,5300.0,3500.0,13.14,13.14,13.14000034
89,Sterling Shepard,WR,Giants,TB,4900.0,6000.0,9800.0,5000.0,4900.0,100.0,0.0,1100.0,4900.0,3800.0,10.2,10.2,7.1999998089999995
90,Will Fuller V,WR,Texans,LAC,4900.0,6000.0,9100.0,5000.0,4550.0,100.0,-350.0,1100.0,4200.0,3100.0,8.9,8.45,6.9499998089999995
91,Mike Williams,WR,Chargers,HOU,4900.0,6100.0,9400.0,5083.0,4700.0,183.0,-200.0,1200.0,4500.0,3300.0,8.1,8.1,6.849999905
92,Geronimo Allison,WR,Packers,DEN,4800.0,5200.0,9000.0,4333.0,4500.0,-467.0,-300.0,400.0,4200.0,3800.0,5.75,5.75,8.5
93,Emmanuel Sanders,WR,Broncos,GB,4800.0,5700.0,9500.0,4750.0,4750.0,-50.0,-50.0,900.0,4700.0,3800.0,24.2,24.2,20.20000076
94,Jamison Crowder,WR,Jets,NE,4800.0,6200.0,10100.0,5167.0,5050.0,367.0,250.0,1400.0,5300.0,3900.0,24.3,16.15,11.64999962
95,Robby Anderson,WR,Jets,NE,4800.0,5700.0,9500.0,4750.0,4750.0,-50.0,-50.0,900.0,4700.0,3800.0,5.3,8.7,6.9499998089999995
96,Josh McCown,QB,Eagles,DET,4800.0,6000.0,10000.0,5000.0,5000.0,200.0,200.0,1200.0,5200.0,4000.0,0.96,0.96,0.9599999790000001
97,Curtis Samuel,WR,Panthers,ARI,4800.0,5800.0,9000.0,4833.0,4500.0,33.0,-300.0,1000.0,4200.0,3200.0,10.25,10.25,8.25
98,Mason Rudolph,QB,Steelers,SF,4800.0,6600.0,10400.0,5500.0,5200.0,700.0,400.0,1800.0,5600.0,3800.0,0.0,12.18,12.18000031
99,Tevin Coleman,RB,49ers,PIT,4800.0,5000.0,8800.0,4167.0,4400.0,-633.0,-400.0,200.0,4000.0,3800.0,7.6,7.6,6.599999905
100,Teddy Bridgewater,QB,Saints,SEA,4700.0,6800.0,10300.0,5667.0,5150.0,967.0,450.0,2100.0,5600.0,3500.0,7.1,7.1,7.099999905
101,DK Metcalf,WR,Seahawks,NO,4700.0,6200.0,9000.0,5167.0,4500.0,467.0,-200.0,1500.0,4300.0,2800.0,14.0,14.0,12.25
102,Raheem Mostert,RB,49ers,PIT,4700.0,6000.0,9200.0,5000.0,4600.0,300.0,-100.0,1300.0,4500.0,3200.0,14.55,14.55,13.55000019
103,Randall Cobb,WR,Cowboys,MIA,4600.0,5300.0,9900.0,4417.0,4950.0,-183.0,350.0,700.0,5300.0,4600.0,12.7,12.7,10.44999981
104,Joe Flacco,QB,Broncos,GB,4600.0,6400.0,10000.0,5333.0,5000.0,733.0,400.0,1800.0,5400.0,3600.0,15.75,15.75,15.75
105,Mark Andrews,TE,Ravens,KC,4600.0,6800.0,8900.0,5667.0,4450.0,1067.0,-150.0,2200.0,4300.0,2100.0,27.8,28.0,21.0
106,Luke Falk,QB,,NE,4600.0,6000.0,,5000.0,,400.0,,1400.0,,,,7.92,7.920000076
107,Peyton Barber,RB,Buccaneers,NYG,4600.0,6100.0,8800.0,5083.0,4400.0,483.0,-200.0,1500.0,4200.0,2700.0,11.2,11.2,10.44999981
108,Golden Tate,WR,Giants,TB,4600.0,4500.0,9100.0,3750.0,4550.0,-850.0,-50.0,-100.0,4500.0,4600.0,0.0,0.0,9.72666626
109,Ryan Fitzpatrick,QB,Dolphins,DAL,4500.0,6100.0,10000.0,5083.0,5000.0,583.0,500.0,1600.0,5500.0,3900.0,6.18,6.18,6.179999828
110,Josh Rosen,QB,Dolphins,DAL,4500.0,6000.0,10000.0,5000.0,5000.0,500.0,500.0,1500.0,5500.0,4000.0,-0.8,1.04,1.039999962
111,Kenyan Drake,RB,Dolphins,DAL,4500.0,5300.0,8800.0,4417.0,4400.0,-83.0,-100.0,800.0,4300.0,3500.0,7.25,7.25,5.5
112,Courtland Sutton,WR,Broncos,GB,4500.0,5600.0,9000.0,4667.0,4500.0,167.0,0.0,1100.0,4500.0,3400.0,15.0,15.0,10.75
113,Trevor Siemian,QB,Jets,NE,4500.0,6300.0,10000.0,5250.0,5000.0,750.0,500.0,1800.0,5500.0,3700.0,0.0,0.12,0.119999997
114,Carlos Hyde,RB,Texans,LAC,4500.0,6000.0,8500.0,5000.0,4250.0,500.0,-250.0,1500.0,4000.0,2500.0,9.5,9.25,9.0
115,Deebo Samuel,WR,49ers,PIT,4500.0,5500.0,9300.0,4583.0,4650.0,83.0,150.0,1000.0,4800.0,3800.0,13.05,13.0,10.5
116,Dante Pettis,WR,49ers,PIT,4500.0,4600.0,8800.0,3833.0,4400.0,-667.0,-100.0,100.0,4300.0,4200.0,1.17,1.17,0.920000017
117,Frank Gore,RB,Bills,CIN,4400.0,5700.0,9200.0,4750.0,4600.0,350.0,200.0,1300.0,4800.0,3500.0,9.15,9.15,8.649999618999999
118,Cole Beasley,WR,Bills,CIN,4400.0,5100.0,8700.0,4250.0,4350.0,-150.0,-50.0,700.0,4300.0,3600.0,10.65,10.65,8.399999618999999
119,Royce Freeman,RB,Broncos,GB,4400.0,5900.0,8700.0,4917.0,4350.0,517.0,-50.0,1500.0,4300.0,2800.0,11.15,11.15,9.649999618999999
120,Ty Montgomery,RB,Jets,NE,4400.0,4600.0,8000.0,3833.0,4000.0,-567.0,-400.0,200.0,3600.0,3400.0,0.4,3.7,2.950000048
121,Taysom Hill,QB,Saints,SEA,4400.0,6000.0,10000.0,5000.0,5000.0,600.0,600.0,1600.0,5600.0,4000.0,6.15,6.15,5.400000095
122,Nick Mullens,QB,49ers,PIT,4400.0,6000.0,10000.0,5000.0,5000.0,600.0,600.0,1600.0,5600.0,4000.0,0.0,0.0,16.68499947
123,Devin Singletary,RB,Bills,CIN,4300.0,5800.0,8900.0,4833.0,4450.0,533.0,150.0,1500.0,4600.0,3100.0,13.25,13.25,12.0
124,Cowboys,DST,Cowboys,MIA,4300.0,5000.0,7100.0,4167.0,3550.0,-133.0,-750.0,700.0,2800.0,2100.0,6.0,3.5,3.5
125,Phillip Lindsay,RB,Broncos,GB,4300.0,6400.0,9000.0,5333.0,4500.0,1033.0,200.0,2100.0,4700.0,2600.0,10.6,10.6,8.600000381000001
126,Marquez Valdes-Scantling,WR,Packers,DEN,4300.0,5300.0,8700.0,4417.0,4350.0,117.0,50.0,1000.0,4400.0,3400.0,9.2,7.05,5.3000001910000005
127,Brian Hoyer,QB,Colts,ATL,4300.0,6000.0,10000.0,5000.0,5000.0,700.0,700.0,1700.0,5700.0,4000.0,0.0,0.0,-0.103999996
128,Jarrett Stidham,QB,Patriots,NYJ,4300.0,6000.0,10000.0,5000.0,5000.0,700.0,700.0,1700.0,5700.0,4000.0,0.0,0.0,0.0
129,Duke Johnson,RB,Texans,LAC,4300.0,5400.0,9000.0,4500.0,4500.0,200.0,200.0,1100.0,4700.0,3600.0,13.0,8.05,7.0500001910000005
130,Vance McDonald,TE,Steelers,SF,4300.0,5900.0,8000.0,4917.0,4000.0,617.0,-300.0,1600.0,3700.0,2100.0,14.4,14.4,12.14999962
131,Matt Barkley,QB,Bills,CIN,4200.0,6000.0,10000.0,5000.0,5000.0,800.0,800.0,1800.0,5800.0,4000.0,0.0,0.0,17.07999992
132,Giovani Bernard,RB,Bengals,BUF,4200.0,5200.0,8000.0,4333.0,4000.0,133.0,-200.0,1000.0,3800.0,2800.0,5.3,5.3,4.5500001910000005
133,Cooper Rush,QB,Cowboys,MIA,4200.0,6000.0,10000.0,5000.0,5000.0,800.0,800.0,1800.0,5800.0,4000.0,0.0,0.0,0.0
134,Willie Snead IV,WR,Ravens,KC,4200.0,5000.0,8400.0,4167.0,4200.0,-33.0,0.0,800.0,4200.0,3400.0,12.1,6.8,6.0500001910000005
135,Justin Jackson,RB,Chargers,HOU,4200.0,5800.0,8000.0,4833.0,4000.0,633.0,-200.0,1600.0,3800.0,2200.0,7.25,7.25,6.75
136,Kalen Ballage,RB,Dolphins,DAL,4100.0,4900.0,9000.0,4083.0,4500.0,-17.0,400.0,800.0,4900.0,4100.0,2.2,2.2,1.7000000480000002
137,Darren Waller,TE,Raiders,MIN,4100.0,5900.0,7400.0,4917.0,3700.0,817.0,-400.0,1800.0,3300.0,1500.0,13.15,13.15,9.899999618999999
138,Jordan Howard,RB,Eagles,DET,4100.0,5600.0,8500.0,4667.0,4250.0,567.0,150.0,1500.0,4400.0,2900.0,5.55,5.55,4.8000001910000005
139,AJ McCarron,QB,Texans,LAC,4100.0,6000.0,10000.0,5000.0,5000.0,900.0,900.0,1900.0,5900.0,4000.0,0.0,0.0,0.059999999000000005
140,Latavius Murray,RB,Saints,SEA,4100.0,5600.0,7700.0,4667.0,3850.0,567.0,-250.0,1500.0,3600.0,2100.0,8.0,8.0,7.25
141,Rashaad Penny,RB,Seahawks,NO,4100.0,5900.0,9000.0,4917.0,4500.0,817.0,400.0,1800.0,4900.0,3100.0,1.8,7.65,7.400000095
142,Ryan Finley,QB,Bengals,BUF,4000.0,6000.0,10000.0,5000.0,5000.0,1000.0,1000.0,2000.0,6000.0,4000.0,0.0,0.0,0.0
143,Jake Dolegala,QB,Bengals,BUF,4000.0,6000.0,10000.0,5000.0,5000.0,1000.0,1000.0,2000.0,6000.0,4000.0,0.0,0.0,0.0
144,DeVante Parker,WR,Dolphins,DAL,4000.0,4800.0,8500.0,4000.0,4250.0,0.0,250.0,800.0,4500.0,3700.0,5.25,5.25,4.5
145,Brandon Allen,QB,Broncos,GB,4000.0,6000.0,10000.0,5000.0,5000.0,1000.0,1000.0,2000.0,6000.0,4000.0,0.0,0.0,0.0
146,Tim Boyle,QB,Packers,DEN,4000.0,6000.0,10000.0,5000.0,5000.0,1000.0,1000.0,2000.0,6000.0,4000.0,0.0,0.0,0.0
147,Jamaal Williams,RB,Packers,DEN,4000.0,5100.0,8500.0,4250.0,4250.0,250.0,250.0,1100.0,4500.0,3400.0,3.5,8.3,7.0500001910000005
148,DaeSean Hamilton,WR,Broncos,GB,4000.0,5300.0,7800.0,4417.0,3900.0,417.0,-100.0,1300.0,3800.0,2500.0,3.0,3.0,2.0
149,Jimmy Graham,TE,Packers,DEN,4000.0,4900.0,7400.0,4083.0,3700.0,83.0,-300.0,900.0,3400.0,2500.0,12.0,6.0,5.25
150,Chad Kelly,QB,Colts,ATL,4000.0,6000.0,10000.0,5000.0,5000.0,1000.0,1000.0,2000.0,6000.0,4000.0,0.0,0.0,-0.10000000099999999
151,Matt Schaub,QB,Falcons,IND,4000.0,6000.0,10000.0,5000.0,5000.0,1000.0,1000.0,2000.0,6000.0,4000.0,0.0,0.0,0.300000012
152,Matt Moore,QB,Chiefs,BAL,4000.0,6000.0,10000.0,5000.0,5000.0,1000.0,1000.0,2000.0,6000.0,4000.0,-0.1,-0.1,-0.10000000099999999
153,Robert Griffin III,QB,Ravens,KC,4000.0,6000.0,10000.0,5000.0,5000.0,1000.0,1000.0,2000.0,6000.0,4000.0,7.1,7.1,7.099999905
154,Trace McSorley,QB,Ravens,KC,4000.0,6000.0,10000.0,5000.0,5000.0,1000.0,1000.0,2000.0,6000.0,4000.0,0.0,0.0,0.0
155,Mike Glennon,QB,Raiders,MIN,4000.0,6000.0,10000.0,5000.0,5000.0,1000.0,1000.0,2000.0,6000.0,4000.0,0.0,0.0,5.480000018999999
156,DeShone Kizer,QB,Raiders,MIN,4000.0,6000.0,10000.0,5000.0,5000.0,1000.0,1000.0,2000.0,6000.0,4000.0,0.0,0.0,2.460000038
157,Sean Mannion,QB,Vikings,OAK,4000.0,6000.0,10000.0,5000.0,5000.0,1000.0,1000.0,2000.0,6000.0,4000.0,0.0,0.0,0.006666666999999999
158,Josh Johnson,QB,Lions,PHI,4000.0,6000.0,10000.0,5000.0,5000.0,1000.0,1000.0,2000.0,6000.0,4000.0,0.0,0.0,13.39999962
159,David Blough,QB,Lions,PHI,4000.0,6000.0,10000.0,5000.0,5000.0,1000.0,1000.0,2000.0,6000.0,4000.0,0.0,0.0,0.0
160,Nate Sudfeld,QB,Eagles,DET,4000.0,6000.0,10000.0,5000.0,5000.0,1000.0,1000.0,2000.0,6000.0,4000.0,0.0,0.0,2.339999914
161,Brett Hundley,QB,Cardinals,CAR,4000.0,6000.0,10000.0,5000.0,5000.0,1000.0,1000.0,2000.0,6000.0,4000.0,0.0,0.0,0.0
162,Kyle Allen,QB,Panthers,ARI,4000.0,6000.0,10000.0,5000.0,5000.0,1000.0,1000.0,2000.0,6000.0,4000.0,0.0,0.0,13.27000046
163,Will Grier,QB,Panthers,ARI,4000.0,6000.0,10000.0,5000.0,5000.0,1000.0,1000.0,2000.0,6000.0,4000.0,0.0,0.0,0.0
164,Alex Tanney,QB,Giants,TB,4000.0,6000.0,10000.0,5000.0,5000.0,1000.0,1000.0,2000.0,6000.0,4000.0,0.0,0.0,0.0
165,Blaine Gabbert,QB,Buccaneers,NYG,4000.0,6000.0,10000.0,5000.0,5000.0,1000.0,1000.0,2000.0,6000.0,4000.0,0.0,0.0,4.6300001139999996
166,Ryan Griffin,QB,Jets,NYG,4000.0,6000.0,5000.0,5000.0,2500.0,1000.0,-1500.0,2000.0,1000.0,-1000.0,4.0,0.0,0.0
167,Ryan Griffin,QB,Jets,NE,4000.0,4000.0,5000.0,3333.0,2500.0,-667.0,-1500.0,0.0,1000.0,1000.0,4.0,0.0,1.25
168,Ryan Griffin,QB,Buccaneers,NYG,4000.0,6000.0,10000.0,5000.0,5000.0,1000.0,1000.0,2000.0,6000.0,4000.0,0.0,0.0,0.0
169,Ryan Griffin,QB,Buccaneers,NE,4000.0,4000.0,10000.0,3333.0,5000.0,-667.0,1000.0,0.0,6000.0,6000.0,0.0,0.0,1.25
170,Ryan Griffin,TE,Jets,NYG,2500.0,6000.0,5000.0,5000.0,2500.0,2500.0,0.0,3500.0,2500.0,-1000.0,4.0,2.0,0.0
171,Ryan Griffin,TE,Jets,NE,2500.0,4000.0,5000.0,3333.0,2500.0,833.0,0.0,1500.0,2500.0,1000.0,4.0,2.0,1.25
172,Ryan Griffin,TE,Buccaneers,NYG,2500.0,6000.0,10000.0,5000.0,5000.0,2500.0,2500.0,3500.0,7500.0,4000.0,0.0,2.0,0.0
173,Ryan Griffin,TE,Buccaneers,NE,2500.0,4000.0,10000.0,3333.0,5000.0,833.0,2500.0,1500.0,7500.0,6000.0,0.0,2.0,1.25
174,Alex McGough,QB,Texans,LAC,4000.0,6000.0,10000.0,5000.0,5000.0,1000.0,1000.0,2000.0,6000.0,4000.0,0.0,0.0,0.0
175,Easton Stick,QB,Chargers,HOU,4000.0,6000.0,10000.0,5000.0,5000.0,1000.0,1000.0,2000.0,6000.0,4000.0,0.0,0.0,0.0
176,Tyrod Taylor,QB,Chargers,HOU,4000.0,6000.0,10000.0,5000.0,5000.0,1000.0,1000.0,2000.0,6000.0,4000.0,0.0,0.0,0.0
177,Geno Smith,QB,Seahawks,NO,4000.0,6000.0,10000.0,5000.0,5000.0,1000.0,1000.0,2000.0,6000.0,4000.0,0.0,0.0,-0.370000005
178,C.J. Beathard,QB,49ers,PIT,4000.0,6000.0,10000.0,5000.0,5000.0,1000.0,1000.0,2000.0,6000.0,4000.0,0.0,0.0,16.39600067
179,Donte Moncrief,WR,Steelers,SF,4000.0,4800.0,7500.0,4000.0,3750.0,0.0,-250.0,800.0,3500.0,2700.0,1.85,1.85,1.100000024
180,Mohamed Sanu,WR,Falcons,IND,3900.0,5300.0,7700.0,4417.0,3850.0,517.0,-50.0,1400.0,3800.0,2400.0,10.7,8.15,5.900000095
181,Rex Burkhead,RB,Patriots,NYJ,3900.0,4600.0,7000.0,3833.0,3500.0,-67.0,-400.0,700.0,3100.0,2400.0,11.15,11.15,9.399999618999999
182,Miles Sanders,RB,Eagles,DET,3900.0,5400.0,7700.0,4500.0,3850.0,600.0,-50.0,1500.0,3800.0,2300.0,5.2,5.2,4.1999998089999995
183,Ronald Jones II,RB,Buccaneers,NYG,3900.0,4900.0,7200.0,4083.0,3600.0,183.0,-300.0,1000.0,3300.0,2300.0,5.6,5.6,5.349999905
184,Kenny Stills,WR,Texans,LAC,3900.0,5100.0,7700.0,4250.0,3850.0,350.0,-50.0,1200.0,3800.0,2600.0,12.7,9.25,8.0
185,Hunter Henry,TE,Chargers,HOU,3900.0,6200.0,7700.0,5167.0,3850.0,1267.0,-50.0,2300.0,3800.0,1500.0,10.0,10.0,8.0
186,Ted Ginn Jr.,WR,Saints,SEA,3900.0,5000.0,7000.0,4167.0,3500.0,267.0,-400.0,1100.0,3100.0,2000.0,20.1,10.05,13.60000038
187,T.J. Yeldon,RB,Bills,CIN,3800.0,4600.0,6900.0,3833.0,3450.0,33.0,-350.0,800.0,3100.0,2300.0,0.0,0.0,10.40000044
188,Tony Pollard,RB,Cowboys,MIA,3800.0,5000.0,8200.0,4167.0,4100.0,367.0,300.0,1200.0,4400.0,3200.0,2.4,2.95,2.700000048
189,Albert Wilson,WR,Dolphins,DAL,3800.0,4700.0,8000.0,3917.0,4000.0,117.0,200.0,900.0,4200.0,3300.0,3.4,3.4,2.400000095
190,Parris Campbell,WR,Colts,ATL,3800.0,5000.0,8200.0,4167.0,4100.0,367.0,300.0,1200.0,4400.0,3200.0,5.0,5.0,4.5
191,Eric Ebron,TE,Colts,ATL,3800.0,5700.0,7000.0,4750.0,3500.0,950.0,-300.0,1900.0,3200.0,1300.0,6.65,6.65,5.650000095
192,Patriots,DST,Patriots,NYJ,3800.0,5000.0,7100.0,4167.0,3550.0,367.0,-250.0,1200.0,3300.0,2100.0,23.5,23.5,23.5
193,Danny Amendola,WR,Lions,PHI,3800.0,4900.0,7000.0,4083.0,3500.0,283.0,-300.0,1100.0,3200.0,2100.0,26.4,13.2,9.949999809
194,Chase Edmonds,RB,Cardinals,CAR,3800.0,4900.0,7700.0,4083.0,3850.0,283.0,50.0,1100.0,3900.0,2800.0,2.1,2.1,1.600000024
195,Cody Latimer,WR,Giants,TB,3800.0,5500.0,7400.0,4583.0,3700.0,783.0,-100.0,1700.0,3600.0,1900.0,8.2,8.2,6.6999998089999995
196,O.J. Howard,TE,Buccaneers,NYG,3800.0,5800.0,6500.0,4833.0,3250.0,1033.0,-550.0,2000.0,2700.0,700.0,3.1,3.1,3.200000048
197,Jared Cook,TE,Saints,SEA,3800.0,5800.0,7000.0,4833.0,3500.0,1033.0,-300.0,2000.0,3200.0,1200.0,5.1,5.1,4.099999905
198,Preston Williams,WR,Dolphins,DAL,3700.0,5100.0,7000.0,4250.0,3500.0,550.0,-200.0,1400.0,3300.0,1900.0,10.85,10.85,9.100000381000001
199,Jason Witten,TE,Cowboys,MIA,3700.0,5000.0,6600.0,4167.0,3300.0,467.0,-400.0,1300.0,2900.0,1600.0,11.5,11.5,9.75
200,Ito Smith,RB,Falcons,IND,3700.0,5300.0,7900.0,4417.0,3950.0,717.0,250.0,1600.0,4200.0,2600.0,5.75,5.75,5.0
201,Alexander Mattison,RB,Vikings,OAK,3700.0,4900.0,7100.0,4083.0,3550.0,383.0,-150.0,1200.0,3400.0,2200.0,4.9,3.7,3.700000048
202,Hunter Renfrow,WR,Raiders,MIN,3700.0,5000.0,7000.0,4167.0,3500.0,467.0,-200.0,1300.0,3300.0,2000.0,3.3,5.15,3.650000095
203,Greg Olsen,TE,Panthers,ARI,3700.0,6100.0,7000.0,5083.0,3500.0,1383.0,-200.0,2400.0,3300.0,900.0,13.8,13.8,9.800000191
204,Bennie Fowler III,WR,Giants,TB,3700.0,4900.0,8100.0,4083.0,4050.0,383.0,350.0,1200.0,4400.0,3200.0,10.55,10.55,8.050000191
205,Tre'Quan Smith,WR,Saints,SEA,3700.0,5200.0,7300.0,4333.0,3650.0,633.0,-50.0,1500.0,3600.0,2100.0,9.25,9.25,8.0
206,Austin Hooper,TE,Falcons,IND,3600.0,5800.0,7100.0,4833.0,3550.0,1233.0,-50.0,2200.0,3500.0,1300.0,12.05,12.05,8.800000191
207,Darren Sproles,RB,Eagles,DET,3600.0,4600.0,7000.0,3833.0,3500.0,233.0,-100.0,1000.0,3400.0,2400.0,6.9,6.9,5.650000095
208,Nelson Agholor,WR,Eagles,DET,3600.0,4800.0,7800.0,4000.0,3900.0,400.0,300.0,1200.0,4200.0,3000.0,15.4,15.4,11.39999962
209,Michael Crabtree,WR,Cardinals,CAR,3600.0,4600.0,7000.0,3833.0,3500.0,233.0,-100.0,1000.0,3400.0,2400.0,3.3,3.3,2.299999952
210,Samaje Perine,RB,Bengals,BUF,3500.0,4500.0,6500.0,3750.0,3250.0,250.0,-250.0,1000.0,3000.0,2000.0,0.0,0.0,1.299999952
211,Jakeem Grant,WR,Dolphins,DAL,3500.0,4500.0,7500.0,3750.0,3750.0,250.0,250.0,1000.0,4000.0,3000.0,2.25,2.25,0.75
212,Jordan Wilkins,RB,Colts,ATL,3500.0,5100.0,6200.0,4250.0,3100.0,750.0,-400.0,1600.0,2700.0,1100.0,4.8,4.8,9.100000381000001
213,JJ Arcega-Whiteside,WR,Eagles,DET,3500.0,4600.0,6200.0,3833.0,3100.0,333.0,-400.0,1100.0,2700.0,1600.0,0.0,0.7,0.8999999759999999
214,T.J. Hockenson,TE,Lions,PHI,3500.0,5500.0,6400.0,4583.0,3200.0,1083.0,-300.0,2000.0,2900.0,900.0,14.9,14.9,11.64999962
215,Eagles,DST,Eagles,DET,3500.0,4500.0,6100.0,3750.0,3050.0,250.0,-450.0,1000.0,2600.0,1600.0,4.0,4.0,4.0
216,Wayne Gallman Jr.,RB,Giants,TB,3500.0,4500.0,6900.0,3750.0,3450.0,250.0,-50.0,1000.0,3400.0,2400.0,6.55,6.55,5.8000001910000005
217,Benny Snell Jr.,RB,Steelers,SF,3500.0,4500.0,6200.0,3750.0,3100.0,250.0,-400.0,1000.0,2700.0,1700.0,1.15,1.15,2.299999952
218,James Washington,WR,Steelers,SF,3500.0,5200.0,6500.0,4333.0,3250.0,833.0,-250.0,1700.0,3000.0,1300.0,5.7,5.7,4.6999998089999995
219,Isaiah McKenzie,WR,Bills,CIN,3400.0,4700.0,6700.0,3917.0,3350.0,517.0,-50.0,1300.0,3300.0,2000.0,6.2,6.2,11.39999962
220,Bills,DST,Bills,CIN,3400.0,4600.0,6600.0,3833.0,3300.0,433.0,-100.0,1200.0,3200.0,2000.0,8.0,8.0,8.0
221,Devin Smith,WR,Cowboys,MIA,3400.0,5200.0,6400.0,4333.0,3200.0,933.0,-200.0,1800.0,3000.0,1200.0,8.2,8.2,14.89999962
222,Packers,DST,Packers,DEN,3400.0,4500.0,6900.0,3750.0,3450.0,350.0,50.0,1100.0,3500.0,2400.0,12.0,13.0,13.0
223,Nyheim Hines,RB,Colts,ATL,3400.0,4800.0,6700.0,4000.0,3350.0,600.0,-50.0,1400.0,3300.0,1900.0,4.05,4.05,2.799999952
224,Chester Rogers,WR,Colts,ATL,3400.0,4700.0,6700.0,3917.0,3350.0,517.0,-50.0,1300.0,3300.0,2000.0,2.7,2.7,1.9500000480000002
225,Chad Beebe,WR,Vikings,OAK,3400.0,4800.0,6700.0,4000.0,3350.0,600.0,-50.0,1400.0,3300.0,1900.0,4.5,4.5,4.0
226,Kyle Rudolph,TE,Vikings,OAK,3400.0,4800.0,6400.0,4000.0,3200.0,600.0,-200.0,1400.0,3000.0,1600.0,1.95,1.95,1.200000048
227,Damien Harris,RB,Patriots,NYJ,3400.0,5400.0,6000.0,4500.0,3000.0,1100.0,-400.0,2000.0,2600.0,600.0,0.0,0.0,0.0
228,Phillip Dorsett II,WR,Patriots,NYJ,3400.0,5000.0,6600.0,4167.0,3300.0,767.0,-100.0,1600.0,3200.0,1600.0,16.2,16.2,14.44999981
229,KeeSean Johnson,WR,Cardinals,CAR,3400.0,4800.0,6600.0,4000.0,3300.0,600.0,-100.0,1400.0,3200.0,1800.0,9.6,7.85,6.349999905
230,Keke Coutee,WR,Texans,LAC,3400.0,4900.0,6700.0,4083.0,3350.0,683.0,-50.0,1500.0,3300.0,1800.0,0.0,2.7,1.7000000480000002
231,Malik Turner,WR,Seahawks,NO,3400.0,4900.0,7000.0,4083.0,3500.0,683.0,100.0,1500.0,3600.0,2100.0,4.2,4.2,6.900000095
232,Will Dissly,TE,Seahawks,NO,3400.0,5400.0,7000.0,4500.0,3500.0,1100.0,100.0,2000.0,3600.0,1600.0,12.1,12.1,10.60000038
233,Zay Jones,WR,Bills,CIN,3300.0,4700.0,6200.0,3917.0,3100.0,617.0,-200.0,1400.0,2900.0,1500.0,3.8,3.1,2.349999905
234,Justice Hill,RB,Ravens,KC,3300.0,4700.0,7000.0,3917.0,3500.0,617.0,200.0,1400.0,3700.0,2300.0,2.7,2.55,2.299999952
235,J.J. Nelson,WR,Raiders,MIN,3300.0,4500.0,6200.0,3750.0,3100.0,450.0,-200.0,1200.0,2900.0,1700.0,0.0,0.0,1.099999958
236,Vikings,DST,Vikings,OAK,3300.0,4200.0,5900.0,3500.0,2950.0,200.0,-350.0,900.0,2600.0,1700.0,16.0,11.0,11.0
237,Demaryius Thomas,WR,Jets,NE,3300.0,4700.0,6900.0,3917.0,3450.0,617.0,150.0,1400.0,3600.0,2200.0,0.0,0.9,0.400000006
238,Ben Watson,TE,Patriots,NYJ,3300.0,4000.0,5700.0,3333.0,2850.0,33.0,-450.0,700.0,2400.0,1700.0,0.0,0.0,5.346153846
239,Paul Perkins,RB,Giants,PHI,3300.0,4500.0,6400.0,3750.0,3200.0,450.0,-100.0,1200.0,3100.0,1900.0,0.0,0.0,0.0
240,Andy Isabella,WR,Cardinals,CAR,3300.0,4500.0,6400.0,3750.0,3200.0,450.0,-100.0,1200.0,3100.0,1900.0,0.0,0.0,0.0
241,Dare Ogunbowale,RB,Buccaneers,NYG,3300.0,4500.0,6400.0,3750.0,3200.0,450.0,-100.0,1200.0,3100.0,1900.0,4.6,4.6,3.349999905
242,Russell Shepard,WR,Giants,TB,3300.0,4500.0,6400.0,3750.0,3200.0,450.0,-100.0,1200.0,3100.0,1900.0,1.95,1.95,2.900000095
243,Robert Foster,WR,Bills,CIN,3200.0,4700.0,6300.0,3917.0,3150.0,717.0,-50.0,1500.0,3100.0,1600.0,0.0,0.0,0.0
244,Tyler Eifert,TE,Bengals,BUF,3200.0,4900.0,6000.0,4083.0,3000.0,883.0,-200.0,1700.0,2800.0,1100.0,8.8,8.8,6.8000001910000005
245,Devontae Booker,RB,Broncos,GB,3200.0,4500.0,6300.0,3750.0,3150.0,550.0,-50.0,1300.0,3100.0,1800.0,0.0,0.0,4.3000001910000005
246,Chris Moore,WR,Ravens,KC,3200.0,4700.0,6700.0,3917.0,3350.0,717.0,150.0,1500.0,3500.0,2000.0,0.0,0.0,2.453333282
247,Josh Bellamy,WR,Jets,NE,3200.0,4500.0,6300.0,3750.0,3150.0,550.0,-50.0,1300.0,3100.0,1800.0,2.5,2.0,1.5
248,C.J. Anderson,RB,Lions,PHI,3200.0,4900.0,6300.0,4083.0,3150.0,883.0,-50.0,1700.0,3100.0,1400.0,2.15,2.15,2.150000095
249,Mack Hollins,WR,Eagles,DET,3200.0,4500.0,6300.0,3750.0,3150.0,550.0,-50.0,1300.0,3100.0,1800.0,0.0,5.0,7.5
250,Keith Kirkwood,WR,Saints,SEA,3200.0,4600.0,6000.0,3833.0,3000.0,633.0,-200.0,1400.0,2800.0,1400.0,0.0,0.0,5.628571647
251,Seahawks,DST,Seahawks,NO,3200.0,3400.0,7000.0,2833.0,3500.0,-367.0,300.0,200.0,3800.0,3600.0,12.0,7.5,7.5
252,49ers,DST,49ers,PIT,3200.0,3700.0,6600.0,3083.0,3300.0,-117.0,100.0,500.0,3400.0,2900.0,27.0,17.0,17.0
253,Falcons,DST,Falcons,IND,3100.0,3800.0,5200.0,3167.0,2600.0,67.0,-500.0,700.0,2100.0,1400.0,5.0,5.0,5.0
254,Hayden Hurst,TE,Ravens,KC,3100.0,4800.0,5500.0,4000.0,2750.0,900.0,-350.0,1700.0,2400.0,700.0,7.1,7.1,6.099999905
255,Jordan Scarlett,RB,Panthers,ARI,3100.0,4500.0,6000.0,3750.0,3000.0,650.0,-100.0,1400.0,2900.0,1500.0,0.0,0.0,0.0
256,Breshad Perriman,WR,Buccaneers,NYG,3100.0,4600.0,6000.0,3833.0,3000.0,733.0,-100.0,1500.0,2900.0,1400.0,1.5,1.5,1.0
257,DeAndre Carter,WR,Texans,LAC,3100.0,4500.0,6000.0,3750.0,3000.0,650.0,-100.0,1400.0,2900.0,1500.0,0.45,0.45,0.200000003
258,David Moore,WR,Seahawks,NO,3100.0,4800.0,6000.0,4000.0,3000.0,900.0,-100.0,1700.0,2900.0,1200.0,0.0,0.0,6.285714286
259,Jaron Brown,WR,Seahawks,NO,3100.0,4500.0,6000.0,3750.0,3000.0,650.0,-100.0,1400.0,2900.0,1500.0,0.0,0.0,5.359999847
260,Patrick DiMarco,RB,Bills,,3000.0,,6000.0,,3000.0,,0.0,,3000.0,,2.15,2.15,
261,Trayveon Williams,RB,Bengals,BUF,3000.0,4500.0,6000.0,3750.0,3000.0,750.0,0.0,1500.0,3000.0,1500.0,0.0,0.0,0.0
262,Andre Roberts,WR,Bills,CIN,3000.0,4500.0,6000.0,3750.0,3000.0,750.0,0.0,1500.0,3000.0,1500.0,0.0,0.0,1.931249976
263,Auden Tate,WR,Bengals,BUF,3000.0,4500.0,6000.0,3750.0,3000.0,750.0,0.0,1500.0,3000.0,1500.0,1.6,1.6,1.100000024
264,Pharoh Cooper,WR,Bengals,BUF,3000.0,4500.0,6000.0,3750.0,3000.0,750.0,0.0,1500.0,3000.0,1500.0,0.0,0.0,0.0
265,Damion Willis,WR,Bengals,BUF,3000.0,4500.0,6000.0,3750.0,3000.0,750.0,0.0,1500.0,3000.0,1500.0,6.0,3.8,2.799999952
266,Alex Erickson,WR,Bengals,BUF,3000.0,4500.0,6000.0,3750.0,3000.0,750.0,0.0,1500.0,3000.0,1500.0,5.8,4.1,2.349999905
267,Jamize Olawale,RB,Cowboys,MIA,3000.0,4500.0,6000.0,3750.0,3000.0,750.0,0.0,1500.0,3000.0,1500.0,0.0,0.0,0.0
268,Mark Walton,RB,Dolphins,DAL,3000.0,4500.0,6000.0,3750.0,3000.0,750.0,0.0,1500.0,3000.0,1500.0,0.1,1.9,1.649999976
269,Chandler Cox,RB,Dolphins,DAL,3000.0,4500.0,6000.0,3750.0,3000.0,750.0,0.0,1500.0,3000.0,1500.0,0.0,0.0,0.0
270,Patrick Laird,RB,Dolphins,DAL,3000.0,4500.0,6000.0,3750.0,3000.0,750.0,0.0,1500.0,3000.0,1500.0,0.0,0.0,0.0
271,Myles Gaskin,RB,Dolphins,DAL,3000.0,4500.0,6000.0,3750.0,3000.0,750.0,0.0,1500.0,3000.0,1500.0,0.0,0.0,0.0
272,Cedrick Wilson,WR,Cowboys,MIA,3000.0,4500.0,6000.0,3750.0,3000.0,750.0,0.0,1500.0,3000.0,1500.0,0.0,0.0,0.0
273,Tavon Austin,WR,Cowboys,MIA,3000.0,4500.0,6000.0,3750.0,3000.0,750.0,0.0,1500.0,3000.0,1500.0,1.8,1.8,1.299999952
274,Allen Hurns,WR,Dolphins,DAL,3000.0,4500.0,6000.0,3750.0,3000.0,750.0,0.0,1500.0,3000.0,1500.0,3.2,2.75,2.25
275,Andy Janovich,RB,Broncos,GB,3000.0,4500.0,6000.0,3750.0,3000.0,750.0,0.0,1500.0,3000.0,1500.0,0.0,0.0,2.411111196
276,Dexter Williams,RB,Packers,DEN,3000.0,4500.0,6000.0,3750.0,3000.0,750.0,0.0,1500.0,3000.0,1500.0,0.0,0.0,0.0
277,Danny Vitale,RB,Packers,DEN,3000.0,4500.0,6000.0,3750.0,3000.0,750.0,0.0,1500.0,3000.0,1500.0,0.0,0.0,0.699999988
278,River Cracraft,WR,Broncos,,3000.0,,6000.0,,3000.0,,0.0,,3000.0,,0.0,0.0,
279,Juwann Winfree,WR,Broncos,GB,3000.0,4500.0,6000.0,3750.0,3000.0,750.0,0.0,1500.0,3000.0,1500.0,0.0,0.0,0.0
280,Diontae Spencer,WR,Broncos,GB,3000.0,4500.0,6000.0,3750.0,3000.0,750.0,0.0,1500.0,3000.0,1500.0,0.0,0.0,0.0
281,Darrius Shepherd,WR,Packers,DEN,3000.0,4500.0,6000.0,3750.0,3000.0,750.0,0.0,1500.0,3000.0,1500.0,0.0,0.0,0.0
282,Allen Lazard,WR,Packers,DEN,3000.0,4500.0,6000.0,3750.0,3000.0,750.0,0.0,1500.0,3000.0,1500.0,0.0,0.0,1.200000048
283,Jake Kumerow,WR,Packers,DEN,3000.0,4500.0,6000.0,3750.0,3000.0,750.0,0.0,1500.0,3000.0,1500.0,1.1,1.1,1.7000000480000002
284,Qadree Ollison,RB,Falcons,IND,3000.0,4700.0,6000.0,3917.0,3000.0,917.0,0.0,1700.0,3000.0,1300.0,0.0,0.0,0.0
285,Brian Hill,RB,Falcons,IND,3000.0,4500.0,6000.0,3750.0,3000.0,750.0,0.0,1500.0,3000.0,1500.0,0.0,0.0,3.020000076
286,Kenjon Barner,RB,Falcons,IND,3000.0,4500.0,6000.0,3750.0,3000.0,750.0,0.0,1500.0,3000.0,1500.0,0.0,0.0,0.0
287,Keith Smith,RB,Falcons,,3000.0,,6000.0,,3000.0,,0.0,,3000.0,,0.0,0.0,
288,Jonathan Williams,RB,Colts,ATL,3000.0,4500.0,6000.0,3750.0,3000.0,750.0,0.0,1500.0,3000.0,1500.0,0.0,0.0,0.200000008
289,Russell Gage,WR,Falcons,IND,3000.0,4500.0,6000.0,3750.0,3000.0,750.0,0.0,1500.0,3000.0,1500.0,1.1,1.1,0.8500000240000001
290,Olamide Zaccheaus,WR,Falcons,IND,3000.0,4500.0,6000.0,3750.0,3000.0,750.0,0.0,1500.0,3000.0,1500.0,0.0,0.0,0.0
291,Deon Cain,WR,Colts,ATL,3000.0,4500.0,6000.0,3750.0,3000.0,750.0,0.0,1500.0,3000.0,1500.0,2.75,2.75,2.25
292,Zach Pascal,WR,Colts,ATL,3000.0,4500.0,6000.0,3750.0,3000.0,750.0,0.0,1500.0,3000.0,1500.0,0.0,0.0,4.099999941
293,Justin Hardy,WR,Falcons,IND,3000.0,4500.0,6000.0,3750.0,3000.0,750.0,0.0,1500.0,3000.0,1500.0,4.05,4.05,3.049999952
294,Jack Doyle,TE,Colts,ATL,3000.0,5200.0,6500.0,4333.0,3250.0,1333.0,250.0,2200.0,3500.0,1300.0,3.55,3.55,2.799999952
295,Anthony Sherman,RB,Chiefs,BAL,3000.0,4500.0,6000.0,3750.0,3000.0,750.0,0.0,1500.0,3000.0,1500.0,1.25,1.25,2.0
296,Darrel Williams,RB,Chiefs,BAL,3000.0,4600.0,6000.0,3833.0,3000.0,833.0,0.0,1600.0,3000.0,1400.0,0.0,0.0,4.8666667939999995
297,Patrick Ricard,RB,Ravens,,3000.0,,6000.0,,3000.0,,0.0,,3000.0,,7.1,4.2,
298,Darwin Thompson,RB,Chiefs,BAL,3000.0,4500.0,6000.0,3750.0,3000.0,750.0,0.0,1500.0,3000.0,1500.0,0.7,0.7,0.44999998799999996
299,Gus Edwards,RB,Ravens,KC,3000.0,5000.0,6000.0,4167.0,3000.0,1167.0,0.0,2000.0,3000.0,1000.0,5.6,3.35,3.349999905
300,Byron Pringle,WR,Chiefs,BAL,3000.0,4500.0,6000.0,3750.0,3000.0,750.0,0.0,1500.0,3000.0,1500.0,0.0,0.0,0.0
301,Seth Roberts,WR,Ravens,KC,3000.0,4500.0,6000.0,3750.0,3000.0,750.0,0.0,1500.0,3000.0,1500.0,2.0,1.0,1.5
302,Jaleel Scott,WR,Ravens,KC,3000.0,4500.0,6000.0,3750.0,3000.0,750.0,0.0,1500.0,3000.0,1500.0,0.0,0.0,0.0
303,De'Anthony Thomas,WR,Chiefs,BAL,3000.0,4500.0,6000.0,3750.0,3000.0,750.0,0.0,1500.0,3000.0,1500.0,1.6,1.6,1.100000024
304,Miles Boykin,WR,Ravens,KC,3000.0,4500.0,6000.0,3750.0,3000.0,750.0,0.0,1500.0,3000.0,1500.0,4.8,4.8,4.3000001910000005
305,Isaiah Crowell,RB,Raiders,,3000.0,,6000.0,,3000.0,,0.0,,3000.0,,0.0,0.0,
306,DeAndre Washington,RB,Raiders,MIN,3000.0,4500.0,6000.0,3750.0,3000.0,750.0,0.0,1500.0,3000.0,1500.0,3.15,3.15,2.650000095
307,Alec Ingold,RB,Raiders,MIN,3000.0,4500.0,6000.0,3750.0,3000.0,750.0,0.0,1500.0,3000.0,1500.0,0.0,0.0,0.0
308,Ameer Abdullah,RB,Vikings,OAK,3000.0,4500.0,6000.0,3750.0,3000.0,750.0,0.0,1500.0,3000.0,1500.0,0.5,0.5,0.5
309,Mike Boone,RB,Vikings,OAK,3000.0,4500.0,6000.0,3750.0,3000.0,750.0,0.0,1500.0,3000.0,1500.0,0.0,0.0,0.9666666979999999
310,C.J. Ham,RB,Vikings,OAK,3000.0,4500.0,6000.0,3750.0,3000.0,750.0,0.0,1500.0,3000.0,1500.0,0.0,0.0,0.0
311,Jalen Richard,RB,Raiders,MIN,3000.0,5100.0,6000.0,4250.0,3000.0,1250.0,0.0,2100.0,3000.0,900.0,1.4,1.4,0.8999999759999999
312,Trevor Davis,WR,Packers,MIN,3000.0,4500.0,6000.0,3750.0,3000.0,750.0,0.0,1500.0,3000.0,1500.0,1.9,1.9,1.649999976
313,Dwayne Harris,WR,Raiders,,3000.0,,6000.0,,3000.0,,0.0,,3000.0,,0.85,0.85,
314,Keelan Doss,WR,Raiders,MIN,3000.0,4500.0,6000.0,3750.0,3000.0,750.0,0.0,1500.0,3000.0,1500.0,0.0,0.0,0.0
315,Jalin Marshall,WR,Raiders,,3000.0,,6000.0,,3000.0,,0.0,,3000.0,,0.0,0.0,
316,Laquon Treadwell,WR,Vikings,,3000.0,,6000.0,,3000.0,,0.0,,3000.0,,0.0,0.0,
317,Olabisi Johnson,WR,Vikings,OAK,3000.0,4500.0,6000.0,3750.0,3000.0,750.0,0.0,1500.0,3000.0,1500.0,0.0,0.0,0.0
318,Ryan Grant,WR,Raiders,MIN,3000.0,4500.0,6000.0,3750.0,3000.0,750.0,0.0,1500.0,3000.0,1500.0,2.7,2.7,1.7000000480000002
319,Brandon Bolden,RB,Patriots,NYJ,3000.0,4500.0,6000.0,3750.0,3000.0,750.0,0.0,1500.0,3000.0,1500.0,0.7,0.7,0.699999988
320,James Develin,RB,Patriots,NYJ,3000.0,4500.0,6000.0,3750.0,3000.0,750.0,0.0,1500.0,3000.0,1500.0,0.0,0.15,0.300000012
321,Bilal Powell,RB,Jets,NE,3000.0,4500.0,6000.0,3750.0,3000.0,750.0,0.0,1500.0,3000.0,1500.0,0.0,0.0,7.82857132
322,Trenton Cannon,RB,Jets,NE,3000.0,4600.0,6000.0,3833.0,3000.0,833.0,0.0,1600.0,3000.0,1400.0,0.0,0.0,0.0
323,Gunner Olszewski,WR,Patriots,NYJ,3000.0,4500.0,6000.0,3750.0,3000.0,750.0,0.0,1500.0,3000.0,1500.0,0.0,0.0,0.0
324,Jakobi Meyers,WR,Patriots,NYJ,3000.0,4500.0,6000.0,3750.0,3000.0,750.0,0.0,1500.0,3000.0,1500.0,3.2,3.2,2.700000048
325,Matthew Slater,WR,Patriots,NYJ,3000.0,4500.0,6000.0,3750.0,3000.0,750.0,0.0,1500.0,3000.0,1500.0,0.0,0.0,0.0
326,N'Keal Harry,WR,Patriots,,3000.0,,6000.0,,3000.0,,0.0,,3000.0,,0.0,0.0,
327,Braxton Berrios,WR,Jets,NE,3000.0,4500.0,6000.0,3750.0,3000.0,750.0,0.0,1500.0,3000.0,1500.0,0.0,0.0,0.0
328,Ty Johnson,RB,Lions,PHI,3000.0,4500.0,6000.0,3750.0,3000.0,750.0,0.0,1500.0,3000.0,1500.0,3.1,3.1,2.599999905
329,J.D. McKissic,RB,Lions,PHI,3000.0,4500.0,6000.0,3750.0,3000.0,750.0,0.0,1500.0,3000.0,1500.0,4.4,2.3,1.7999999519999998
330,Nick Bawden,RB,Lions,PHI,3000.0,4500.0,6000.0,3750.0,3000.0,750.0,0.0,1500.0,3000.0,1500.0,0.5,0.5,0.5
331,Corey Clement,RB,Eagles,DET,3000.0,4500.0,6000.0,3750.0,3000.0,750.0,0.0,1500.0,3000.0,1500.0,0.0,-0.5,-2.0
332,Chris Lacy,WR,Lions,PHI,3000.0,4500.0,6000.0,3750.0,3000.0,750.0,0.0,1500.0,3000.0,1500.0,0.0,0.0,0.0
333,Travis Fulgham,WR,Lions,PHI,3000.0,4500.0,6000.0,3750.0,3000.0,750.0,0.0,1500.0,3000.0,1500.0,0.0,0.0,0.0
334,D.J. Foster,RB,Cardinals,CAR,3000.0,4500.0,6000.0,3750.0,3000.0,750.0,0.0,1500.0,3000.0,1500.0,0.0,0.0,0.0
335,Reggie Bonnafon,RB,Panthers,ARI,3000.0,4500.0,6000.0,3750.0,3000.0,750.0,0.0,1500.0,3000.0,1500.0,0.0,0.0,0.0
336,Alex Armah,RB,Panthers,ARI,3000.0,4500.0,6000.0,3750.0,3000.0,750.0,0.0,1500.0,3000.0,1500.0,3.05,3.05,6.099999905
337,Damiere Byrd,WR,Cardinals,CAR,3000.0,5000.0,6000.0,4167.0,3000.0,1167.0,0.0,2000.0,3000.0,1000.0,9.35,9.35,6.849999905
338,Trent Sherfield,WR,Cardinals,CAR,3000.0,4500.0,6000.0,3750.0,3000.0,750.0,0.0,1500.0,3000.0,1500.0,0.0,0.0,5.214285714
339,Chris Hogan,WR,Panthers,ARI,3000.0,4500.0,6000.0,3750.0,3000.0,750.0,0.0,1500.0,3000.0,1500.0,1.1,1.1,0.8500000240000001
340,Brandon Zylstra,WR,Panthers,ARI,3000.0,4500.0,6000.0,3750.0,3000.0,750.0,0.0,1500.0,3000.0,1500.0,0.0,0.0,0.55999999
341,Ray-Ray McCloud,WR,Panthers,ARI,3000.0,4500.0,6000.0,3750.0,3000.0,750.0,0.0,1500.0,3000.0,1500.0,0.0,0.0,0.0
342,Jarius Wright,WR,Panthers,ARI,3000.0,4500.0,6000.0,3750.0,3000.0,750.0,0.0,1500.0,3000.0,1500.0,2.95,2.95,2.200000048
343,Elijhaa Penny,RB,Giants,TB,3000.0,4500.0,6000.0,3750.0,3000.0,750.0,0.0,1500.0,3000.0,1500.0,0.15,0.15,0.300000012
344,T.J. Logan,RB,Buccaneers,NYG,3000.0,4500.0,6000.0,3750.0,3000.0,750.0,0.0,1500.0,3000.0,1500.0,0.0,0.0,0.0
345,TJ Jones,WR,Giants,TB,3000.0,5200.0,6000.0,4333.0,3000.0,1333.0,0.0,2200.0,3000.0,800.0,12.8,12.8,11.30000019
346,Darius Slayton,WR,Giants,TB,3000.0,4500.0,6000.0,3750.0,3000.0,750.0,0.0,1500.0,3000.0,1500.0,0.0,0.0,0.0
347,Cody Core,WR,Giants,TB,3000.0,4500.0,6000.0,3750.0,3000.0,750.0,0.0,1500.0,3000.0,1500.0,2.9,2.9,4.3000001910000005
348,Justin Watson,WR,Buccaneers,NYG,3000.0,4500.0,6000.0,3750.0,3000.0,750.0,0.0,1500.0,3000.0,1500.0,0.0,0.0,0.333333333
349,Bobo Wilson,WR,Buccaneers,NYG,3000.0,4500.0,6000.0,3750.0,3000.0,750.0,0.0,1500.0,3000.0,1500.0,0.0,0.0,0.0
350,Scotty Miller,WR,Buccaneers,NYG,3000.0,4500.0,6000.0,3750.0,3000.0,750.0,0.0,1500.0,3000.0,1500.0,0.0,0.0,0.0
351,Giants,DST,Giants,TB,3000.0,3700.0,5000.0,3083.0,2500.0,83.0,-500.0,700.0,2000.0,1300.0,-4.0,-1.0,-1.0
352,Taiwan Jones,RB,Texans,LAC,3000.0,4500.0,6000.0,3750.0,3000.0,750.0,0.0,1500.0,3000.0,1500.0,0.0,0.0,0.0
353,Buddy Howell,RB,Texans,LAC,3000.0,4500.0,6000.0,3750.0,3000.0,750.0,0.0,1500.0,3000.0,1500.0,0.0,0.0,0.0
354,Cullen Gillaspia,RB,Texans,LAC,3000.0,4500.0,6000.0,3750.0,3000.0,750.0,0.0,1500.0,3000.0,1500.0,0.0,0.0,0.0
355,Troymaine Pope,RB,Chargers,HOU,3000.0,4500.0,6000.0,3750.0,3000.0,750.0,0.0,1500.0,3000.0,1500.0,0.0,0.0,0.0
356,Derek Watt,RB,Chargers,HOU,3000.0,4500.0,6000.0,3750.0,3000.0,750.0,0.0,1500.0,3000.0,1500.0,0.85,0.85,0.600000024
357,Andre Patton,WR,Chargers,HOU,3000.0,4500.0,6000.0,3750.0,3000.0,750.0,0.0,1500.0,3000.0,1500.0,0.0,0.0,0.0
358,Geremy Davis,WR,Chargers,HOU,3000.0,4500.0,6000.0,3750.0,3000.0,750.0,0.0,1500.0,3000.0,1500.0,0.0,0.0,0.0
359,Dontrelle Inman,WR,Chargers,HOU,3000.0,4500.0,6000.0,3750.0,3000.0,750.0,0.0,1500.0,3000.0,1500.0,1.5,2.65,2.150000095
360,Travis Benjamin,WR,Chargers,HOU,3000.0,4500.0,6000.0,3750.0,3000.0,750.0,0.0,1500.0,3000.0,1500.0,1.6,1.6,1.100000024
361,Dwayne Washington,RB,Saints,SEA,3000.0,4500.0,6000.0,3750.0,3000.0,750.0,0.0,1500.0,3000.0,1500.0,0.0,0.0,3.849999905
362,Zach Line,RB,Saints,SEA,3000.0,4500.0,6000.0,3750.0,3000.0,750.0,0.0,1500.0,3000.0,1500.0,0.0,0.0,0.0
363,C.J. Prosise,RB,Seahawks,NO,3000.0,4500.0,6000.0,3750.0,3000.0,750.0,0.0,1500.0,3000.0,1500.0,2.5,2.5,3.5
364,Travis Homer,RB,Seahawks,NO,3000.0,4500.0,6000.0,3750.0,3000.0,750.0,0.0,1500.0,3000.0,1500.0,0.0,0.0,0.0
365,Nick Bellore,RB,Seahawks,NO,3000.0,4500.0,6000.0,3750.0,3000.0,750.0,0.0,1500.0,3000.0,1500.0,0.0,0.0,0.875
366,Austin Carr,WR,Saints,SEA,3000.0,4500.0,6000.0,3750.0,3000.0,750.0,0.0,1500.0,3000.0,1500.0,0.0,0.0,2.9111111960000002
367,Deonte Harris,WR,Saints,SEA,3000.0,4500.0,6000.0,3750.0,3000.0,750.0,0.0,1500.0,3000.0,1500.0,0.0,0.15,-0.10000000099999999
368,John Ursua,WR,Seahawks,NO,3000.0,4500.0,6000.0,3750.0,3000.0,750.0,0.0,1500.0,3000.0,1500.0,0.0,0.0,0.0
369,Gary Jennings,WR,Seahawks,NO,3000.0,4500.0,6000.0,3750.0,3000.0,750.0,0.0,1500.0,3000.0,1500.0,0.0,0.0,0.0
370,Jeff Wilson Jr.,RB,49ers,PIT,3000.0,5300.0,6000.0,4417.0,3000.0,1417.0,0.0,2300.0,3000.0,700.0,0.0,15.4,15.39999962
371,Roosevelt Nix,RB,Steelers,SF,3000.0,4500.0,6000.0,3750.0,3000.0,750.0,0.0,1500.0,3000.0,1500.0,0.0,0.0,0.8857142579999999
372,Kyle Juszczyk,RB,49ers,PIT,3000.0,4500.0,6000.0,3750.0,3000.0,750.0,0.0,1500.0,3000.0,1500.0,1.05,1.05,1.600000024
373,Diontae Johnson,WR,Steelers,SF,3000.0,4500.0,6000.0,3750.0,3000.0,750.0,0.0,1500.0,3000.0,1500.0,4.1,4.1,3.099999905
374,Johnny Holton,WR,Steelers,SF,3000.0,4500.0,6000.0,3750.0,3000.0,750.0,0.0,1500.0,3000.0,1500.0,0.0,0.0,0.0
375,Kendrick Bourne,WR,49ers,PIT,3000.0,4500.0,6000.0,3750.0,3000.0,750.0,0.0,1500.0,3000.0,1500.0,1.65,1.65,1.149999976
376,Trent Taylor,WR,49ers,PIT,3000.0,4500.0,6000.0,3750.0,3000.0,750.0,0.0,1500.0,3000.0,1500.0,0.0,0.0,3.269230769
377,Jalen Hurd,WR,49ers,PIT,3000.0,4500.0,6000.0,3750.0,3000.0,750.0,0.0,1500.0,3000.0,1500.0,0.0,0.0,0.0
378,Ryan Switzer,WR,Steelers,SF,3000.0,4500.0,6000.0,3750.0,3000.0,750.0,0.0,1500.0,3000.0,1500.0,4.95,4.95,3.200000048
379,Richie James Jr.,WR,49ers,PIT,3000.0,4600.0,6000.0,3833.0,3000.0,833.0,0.0,1600.0,3000.0,1400.0,6.3,6.3,5.8000001910000005
380,Blake Jarwin,TE,Cowboys,MIA,2900.0,4500.0,5600.0,3750.0,2800.0,850.0,-100.0,1600.0,2700.0,1100.0,12.9,8.05,7.0500001910000005
381,Jeff Heuerman,TE,Broncos,GB,2900.0,4500.0,5600.0,3750.0,2800.0,850.0,-100.0,1600.0,2700.0,1100.0,3.05,3.05,4.099999905
382,Buccaneers,DST,Buccaneers,NYG,2900.0,4300.0,5200.0,3583.0,2600.0,683.0,-300.0,1400.0,2300.0,900.0,10.5,10.5,10.5
383,Noah Fant,TE,Broncos,GB,2800.0,4600.0,5900.0,3833.0,2950.0,1033.0,150.0,1800.0,3100.0,1300.0,4.4,5.85,4.349999905
384,Colts,DST,Colts,ATL,2800.0,3600.0,5000.0,3000.0,2500.0,200.0,-300.0,800.0,2200.0,1400.0,7.0,6.0,6.0
385,Dallas Goedert,TE,Eagles,DET,2800.0,4800.0,5100.0,4000.0,2550.0,1200.0,-250.0,2000.0,2300.0,300.0,3.6,3.6,2.599999905
386,Texans,DST,Texans,LAC,2800.0,4400.0,5000.0,3667.0,2500.0,867.0,-300.0,1600.0,2200.0,600.0,2.0,6.0,6.0
387,Tyler Kroft,TE,Bills,CIN,2700.0,4000.0,5300.0,3333.0,2650.0,633.0,-50.0,1300.0,2600.0,1300.0,0.0,0.0,1.1199999809999999
388,C.J. Uzomah,TE,Bengals,BUF,2700.0,4000.0,5000.0,3333.0,2500.0,633.0,-200.0,1300.0,2300.0,1000.0,5.3,5.3,8.600000381000001
389,Nick Boyle,TE,Ravens,KC,2700.0,4300.0,5000.0,3583.0,2500.0,883.0,-200.0,1600.0,2300.0,700.0,4.0,4.0,3.0
390,Raiders,DST,Raiders,MIN,2700.0,3300.0,4800.0,2750.0,2400.0,50.0,-300.0,600.0,2100.0,1500.0,3.5,3.5,3.5
391,Matt LaCosse,TE,Patriots,NYJ,2700.0,4500.0,5000.0,3750.0,2500.0,1050.0,-200.0,1800.0,2300.0,500.0,5.3,5.3,4.3000001910000005
392,Cardinals,DST,Cardinals,CAR,2700.0,3200.0,5500.0,2667.0,2750.0,-33.0,50.0,500.0,2800.0,2300.0,4.5,4.5,4.5
393,Panthers,DST,Panthers,ARI,2700.0,3700.0,4700.0,3083.0,2350.0,383.0,-350.0,1000.0,2000.0,1000.0,4.0,5.0,5.0
394,Cameron Brate,TE,Buccaneers,NYG,2700.0,4500.0,5300.0,3750.0,2650.0,1050.0,-50.0,1800.0,2600.0,800.0,2.9,2.9,1.899999976
395,Jordan Akins,TE,Texans,LAC,2700.0,4100.0,5200.0,3417.0,2600.0,717.0,-100.0,1400.0,2500.0,1100.0,2.7,3.6,2.849999905
396,Durham Smythe,TE,Dolphins,DAL,2600.0,4000.0,5000.0,3333.0,2500.0,733.0,-100.0,1400.0,2400.0,1000.0,1.7,1.7,2.900000095
397,Mike Gesicki,TE,Dolphins,DAL,2600.0,4600.0,5000.0,3833.0,2500.0,1233.0,-100.0,2000.0,2400.0,400.0,3.6,3.6,2.849999905
398,Broncos,DST,Broncos,GB,2600.0,3800.0,4400.0,3167.0,2200.0,567.0,-400.0,1200.0,1800.0,600.0,0.0,0.5,0.5
399,Irv Smith Jr.,TE,Vikings,OAK,2600.0,4000.0,5000.0,3333.0,2500.0,733.0,-100.0,1400.0,2400.0,1000.0,0.0,0.45,0.400000006
400,Jesse James,TE,Lions,PHI,2600.0,4000.0,5000.0,3333.0,2500.0,733.0,-100.0,1400.0,2400.0,1000.0,2.5,3.65,2.650000095
401,Charles Clay,TE,Cardinals,CAR,2600.0,4200.0,5000.0,3500.0,2500.0,900.0,-100.0,1600.0,2400.0,800.0,1.55,1.55,1.049999952
402,Ian Thomas,TE,Panthers,ARI,2600.0,4000.0,5000.0,3333.0,2500.0,733.0,-100.0,1400.0,2400.0,1000.0,0.0,0.0,0.0
403,Rhett Ellison,TE,Giants,TB,2600.0,4000.0,5000.0,3333.0,2500.0,733.0,-100.0,1400.0,2400.0,1000.0,1.8,1.8,1.299999952
404,Lance Kendricks,TE,Patriots,,2600.0,,5000.0,,2500.0,,-100.0,,2400.0,,0.0,0.0,
405,Virgil Green,TE,Chargers,HOU,2600.0,4000.0,6200.0,3333.0,3100.0,733.0,500.0,1400.0,3600.0,2200.0,1.65,1.65,1.149999976
406,Nick Vannett,TE,Seahawks,NO,2600.0,4500.0,5000.0,3750.0,2500.0,1150.0,-100.0,1900.0,2400.0,500.0,2.95,2.95,2.200000048
407,Dawson Knox,TE,Bills,CIN,2500.0,4500.0,5100.0,3750.0,2550.0,1250.0,50.0,2000.0,2600.0,600.0,1.95,1.95,1.4500000480000002
408,Lee Smith,TE,Bills,CIN,2500.0,4000.0,5000.0,3333.0,2500.0,833.0,0.0,1500.0,2500.0,1000.0,0.9,0.9,1.299999952
409,Drew Sample,TE,Bengals,BUF,2500.0,4000.0,5000.0,3333.0,2500.0,833.0,0.0,1500.0,2500.0,1000.0,2.25,2.25,3.5
410,Cethan Carter,TE,Bengals,BUF,2500.0,4000.0,5000.0,3333.0,2500.0,833.0,0.0,1500.0,2500.0,1000.0,0.0,0.0,0.0
411,Clark Harris,TE,Bengals,,2500.0,,5000.0,,2500.0,,0.0,,2500.0,,0.0,0.0,
412,Tommy Sweeney,TE,Bills,CIN,2500.0,4000.0,5000.0,3333.0,2500.0,833.0,0.0,1500.0,2500.0,1000.0,2.75,2.75,2.25
413,Dalton Schultz,TE,Cowboys,MIA,2500.0,4000.0,5000.0,3333.0,2500.0,833.0,0.0,1500.0,2500.0,1000.0,0.0,0.0,2.200000048
414,Nick O'Leary,TE,Dolphins,DAL,2500.0,4000.0,5000.0,3333.0,2500.0,833.0,0.0,1500.0,2500.0,1000.0,0.8,0.8,1.100000024
415,Troy Fumagalli,TE,Broncos,GB,2500.0,4000.0,5000.0,3333.0,2500.0,833.0,0.0,1500.0,2500.0,1000.0,0.0,0.85,1.200000048
416,Andrew Beck,TE,Broncos,GB,2500.0,4000.0,5000.0,3333.0,2500.0,833.0,0.0,1500.0,2500.0,1000.0,0.0,0.0,0.0
417,Marcedes Lewis,TE,Packers,DEN,2500.0,4000.0,5000.0,3333.0,2500.0,833.0,0.0,1500.0,2500.0,1000.0,1.7,1.7,1.200000048
418,Robert Tonyan,TE,Packers,DEN,2500.0,4000.0,5000.0,3333.0,2500.0,833.0,0.0,1500.0,2500.0,1000.0,1.9,1.9,3.299999952
419,Luke Stocker,TE,Falcons,IND,2500.0,4000.0,5000.0,3333.0,2500.0,833.0,0.0,1500.0,2500.0,1000.0,0.0,0.7,0.44999998799999996
420,Jaeden Graham,TE,Falcons,IND,2500.0,4000.0,5000.0,3333.0,2500.0,833.0,0.0,1500.0,2500.0,1000.0,0.0,0.0,0.0
421,Mo Alie-Cox,TE,Colts,ATL,2500.0,4000.0,5000.0,3333.0,2500.0,833.0,0.0,1500.0,2500.0,1000.0,0.65,0.65,0.400000006
422,Hale Hentges,TE,Colts,ATL,2500.0,4000.0,5000.0,3333.0,2500.0,833.0,0.0,1500.0,2500.0,1000.0,0.0,0.0,0.0
423,Blake Bell,TE,Chiefs,BAL,2500.0,4000.0,5000.0,3333.0,2500.0,833.0,0.0,1500.0,2500.0,1000.0,0.85,0.85,0.600000024
424,Deon Yelder,TE,Chiefs,BAL,2500.0,4000.0,5000.0,3333.0,2500.0,833.0,0.0,1500.0,2500.0,1000.0,0.0,0.0,0.0
425,James Winchester,TE,Chiefs,,2500.0,,5000.0,,2500.0,,0.0,,2500.0,,0.0,0.0,
426,Chiefs,DST,Chiefs,BAL,2500.0,3500.0,4200.0,2917.0,2100.0,417.0,-400.0,1000.0,1700.0,700.0,5.0,8.0,8.0
427,Ravens,DST,Ravens,KC,2500.0,3400.0,4500.0,2833.0,2250.0,333.0,-250.0,900.0,2000.0,1100.0,13.0,8.5,8.5
428,Foster Moreau,TE,Raiders,MIN,2500.0,4000.0,5000.0,3333.0,2500.0,833.0,0.0,1500.0,2500.0,1000.0,2.0,2.0,3.0
429,Derek Carrier,TE,Raiders,MIN,2500.0,4000.0,5000.0,3333.0,2500.0,833.0,0.0,1500.0,2500.0,1000.0,3.15,3.15,4.8000001910000005
430,Tyler Conklin,TE,Vikings,OAK,2500.0,4000.0,5000.0,3333.0,2500.0,833.0,0.0,1500.0,2500.0,1000.0,0.0,0.0,2.549999952
431,Ryan Izzo,TE,Patriots,NYJ,2500.0,4000.0,5000.0,3333.0,2500.0,833.0,0.0,1500.0,2500.0,1000.0,0.65,0.65,0.800000012
432,Daniel Brown,TE,Jets,NE,2500.0,4500.0,5000.0,3750.0,2500.0,1250.0,0.0,2000.0,2500.0,500.0,0.0,0.0,0.0
433,Trevon Wesco,TE,Jets,NE,2500.0,4500.0,5000.0,3750.0,2500.0,1250.0,0.0,2000.0,2500.0,500.0,0.0,0.0,0.0
434,Logan Thomas,TE,Lions,PHI,2500.0,4000.0,5000.0,3333.0,2500.0,833.0,0.0,1500.0,2500.0,1000.0,0.85,0.85,1.200000048
435,Maxx Williams,TE,Cardinals,CAR,2500.0,4100.0,5000.0,3417.0,2500.0,917.0,0.0,1600.0,2500.0,900.0,2.8,2.8,2.299999952
436,Chris Manhertz,TE,Panthers,ARI,2500.0,4000.0,5000.0,3333.0,2500.0,833.0,0.0,1500.0,2500.0,1000.0,0.0,0.0,4.066666603
437,Garrett Dickerson,TE,Giants,TB,2500.0,4000.0,5000.0,3333.0,2500.0,833.0,0.0,1500.0,2500.0,1000.0,0.0,0.0,0.0
438,Eric Tomlinson,TE,Giants,TB,2500.0,4000.0,5000.0,3333.0,2500.0,833.0,0.0,1500.0,2500.0,1000.0,0.0,0.0,1.399999976
439,Antony Auclair,TE,Buccaneers,NYG,2500.0,4000.0,5000.0,3333.0,2500.0,833.0,0.0,1500.0,2500.0,1000.0,0.0,0.0,1.185714313
440,Tanner Hudson,TE,Buccaneers,NYG,2500.0,4000.0,5000.0,3333.0,2500.0,833.0,0.0,1500.0,2500.0,1000.0,0.0,0.0,0.0
441,Darren Fells,TE,Texans,LAC,2500.0,4000.0,5000.0,3333.0,2500.0,833.0,0.0,1500.0,2500.0,1000.0,0.0,0.95,0.699999988
442,Jerell Adams,TE,Texans,LAC,2500.0,4000.0,5000.0,3333.0,2500.0,833.0,0.0,1500.0,2500.0,1000.0,0.0,0.0,0.0
443,Logan Paulsen,TE,Texans,LAC,2500.0,4000.0,5000.0,3333.0,2500.0,833.0,0.0,1500.0,2500.0,1000.0,0.0,0.0,2.800000054
444,Sean Culkin,TE,Chargers,HOU,2500.0,4000.0,5000.0,3333.0,2500.0,833.0,0.0,1500.0,2500.0,1000.0,0.0,0.0,2.900000095
445,Chargers,DST,Chargers,HOU,2500.0,3800.0,4700.0,3167.0,2350.0,667.0,-150.0,1300.0,2200.0,900.0,5.0,5.0,5.0
446,Josh Hill,TE,Saints,SEA,2500.0,4000.0,5000.0,3333.0,2500.0,833.0,0.0,1500.0,2500.0,1000.0,0.8,0.4,0.300000012
447,Tyler Ott,TE,Seahawks,,2500.0,,5000.0,,2500.0,,0.0,,2500.0,,0.0,0.0,
448,Xavier Grimble,TE,Steelers,SF,2500.0,4000.0,5000.0,3333.0,2500.0,833.0,0.0,1500.0,2500.0,1000.0,0.0,0.0,0.0
449,Zach Gentry,TE,Steelers,SF,2500.0,4000.0,5000.0,3333.0,2500.0,833.0,0.0,1500.0,2500.0,1000.0,0.0,0.0,0.0
450,Ross Dwelley,TE,49ers,PIT,2500.0,4000.0,5000.0,3333.0,2500.0,833.0,0.0,1500.0,2500.0,1000.0,0.0,0.0,1.200000048
451,Levine Toilolo,TE,49ers,PIT,2500.0,4000.0,5000.0,3333.0,2500.0,833.0,0.0,1500.0,2500.0,1000.0,0.0,0.0,3.8909090219999998
452,Bengals,DST,Bengals,BUF,2400.0,3400.0,4200.0,2833.0,2100.0,433.0,-300.0,1000.0,1800.0,800.0,6.0,2.0,2.0
453,Steelers,DST,Steelers,SF,2300.0,3500.0,4200.0,2917.0,2100.0,617.0,-200.0,1200.0,1900.0,700.0,0.0,3.5,3.5
454,Lions,DST,Lions,PHI,2200.0,3500.0,4000.0,2917.0,2000.0,717.0,-200.0,1300.0,1800.0,500.0,8.0,8.0,8.0
455,Saints,DST,Saints,SEA,2200.0,3800.0,4500.0,3167.0,2250.0,967.0,50.0,1600.0,2300.0,700.0,7.0,6.0,6.0
456,Jets,DST,Jets,NE,2100.0,3000.0,3800.0,2500.0,1900.0,400.0,-200.0,900.0,1700.0,800.0,18.0,11.5,11.5
457,Dolphins,DST,Dolphins,DAL,2000.0,2000.0,3900.0,1667.0,1950.0,-333.0,-50.0,0.0,1900.0,1900.0,0.0,0.0,0.0
458,,,Browns,,,,7400.0,,3700.0,,,,,,0.0,,
459,,,Browns,,,,8000.0,,4000.0,,,,,,6.6,,
460,,,Browns,,,,6000.0,,3000.0,,,,,,0.0,,
461,,,Browns,,,,6000.0,,3000.0,,,,,,0.0,,
462,,,Browns,,,,10000.0,,5000.0,,,,,,0.0,,
463,,,Browns,,,,6000.0,,3000.0,,,,,,0.0,,
464,,,Browns,,,,6000.0,,3000.0,,,,,,3.7,,
465,,,Browns,,,,6000.0,,3000.0,,,,,,0.0,,
466,,,Browns,,,,6000.0,,3000.0,,,,,,0.0,,
467,,,Browns,,,,6000.0,,3000.0,,,,,,0.0,,
468,,,Browns,,,,6000.0,,3000.0,,,,,,0.0,,
469,,,Browns,,,,6000.0,,3000.0,,,,,,0.0,,
470,,,Browns,,,,6000.0,,3000.0,,,,,,0.0,,
471,,,Browns,,,,6000.0,,3000.0,,,,,,0.0,,
472,,,Browns,,,,6000.0,,3000.0,,,,,,0.0,,
473,,,Browns,,,,6000.0,,3000.0,,,,,,0.0,,
474,,,Browns,,,,11800.0,,5900.0,,,,,,11.7,,
475,,,Browns,,,,15400.0,,7700.0,,,,,,14.1,,
476,,,Browns,,,,5000.0,,2500.0,,,,,,0.0,,
477,,,Browns,,,,5000.0,,2500.0,,,,,,0.0,,
478,,,Browns,,,,5000.0,,2500.0,,,,,,0.0,,
479,,,Browns,,,,5000.0,,2500.0,,,,,,0.0,,
480,,,Browns,,,,5000.0,,2500.0,,,,,,0.0,,
481,,,Browns,,,,5000.0,,2500.0,,,,,,0.0,,
482,,,Browns,,,,7400.0,,3700.0,,,,,,13.7,,
483,,,Browns,,,,6000.0,,3000.0,,,,,,0.0,,
484,,,Browns,,,,6000.0,,3000.0,,,,,,0.0,,
485,,,Browns,,,,6000.0,,3000.0,,,,,,5.6,,
486,,,Browns,,,,6000.0,,3000.0,,,,,,0.0,,
487,,,Browns,,,,12400.0,,6200.0,,,,,,11.5,,
488,,,Browns,,,,10000.0,,5000.0,,,,,,0.0,,
489,,,Browns,,,,6000.0,,3000.0,,,,,,0.0,,
490,,,Browns,,,,6000.0,,3000.0,,,,,,0.0,,
491,,,Browns,,,,6000.0,,3000.0,,,,,,0.0,,
492,,,Browns,,,,7100.0,,3550.0,,,,,,8.8,,
493,,,Browns,,,,10800.0,,5400.0,,,,,,12.4,,
494,,,Browns,,,,4100.0,,2050.0,,,,,,0.0,,
495,,,Rams,,,,8000.0,,4000.0,,,,,,0.0,,
496,,,Rams,,,,8900.0,,4450.0,,,,,,11.5,,
497,,,Rams,,,,6000.0,,3000.0,,,,,,0.0,,
498,,,Rams,,,,6000.0,,3000.0,,,,,,0.0,,
499,,,Rams,,,,6000.0,,3000.0,,,,,,0.0,,
500,,,Rams,,,,6000.0,,3000.0,,,,,,0.0,,
501,,,Rams,,,,6000.0,,3000.0,,,,,,0.0,,
502,,,Rams,,,,6000.0,,3000.0,,,,,,0.0,,
503,,,Rams,,,,6000.0,,3000.0,,,,,,0.0,,
504,,,Rams,,,,11500.0,,5750.0,,,,,,11.25,,
505,,,Rams,,,,12400.0,,6200.0,,,,,,11.4,,
506,,,Rams,,,,5000.0,,2500.0,,,,,,0.0,,
507,,,Rams,,,,5000.0,,2500.0,,,,,,0.0,,
508,,,Rams,,,,5000.0,,2500.0,,,,,,0.0,,
509,,,Rams,,,,6000.0,,3000.0,,,,,,0.0,,
510,,,Rams,,,,6000.0,,3000.0,,,,,,0.0,,
511,,,Rams,,,,12200.0,,6100.0,,,,,,13.4,,
512,,,Rams,,,,10000.0,,5000.0,,,,,,0.0,,
513,,,Rams,,,,12800.0,,6400.0,,,,,,15.28,,
514,,,Rams,,,,11900.0,,5950.0,,,,,,16.1,,
515,,,Rams,,,,5200.0,,2600.0,,,,,,3.4,,
516,,,Rams,,,,10000.0,,5000.0,,,,,,0.0,,
517,,,Rams,,,,6000.0,,3000.0,,,,,,0.0,,
518,,,Rams,,,,6000.0,,3000.0,,,,,,0.0,,
519,,,Rams,,,,6000.0,,3000.0,,,,,,0.0,,
520,,,Rams,,,,5600.0,,2800.0,,,,,,12.0,,
521,,,Rams,,,,5000.0,,2500.0,,,,,,0.0,,
522,,,Rams,,,,6400.0,,3200.0,,,,,,9.0,,
523,,,,BAL,,6000.0,,5000.0,,,,,,,,,0.0
524,,,,DET,,6000.0,,5000.0,,,,,,,,,-1.200000048
525,,,,DEN,,6000.0,,5000.0,,,,,,,,,0.0
526,,,,DAL,,6000.0,,5000.0,,,,,,,,,0.0
527,,,,NYG,,6000.0,,5000.0,,,,,,,,,0.0
528,,,,OAK,,6000.0,,5000.0,,,,,,,,,0.0
529,,,,GB,,6000.0,,5000.0,,,,,,,,,0.0
530,,,,GB,,6000.0,,5000.0,,,,,,,,,0.0
531,,,,ATL,,6000.0,,5000.0,,,,,,,,,0.0
532,,,,MIA,,6000.0,,5000.0,,,,,,,,,0.0
533,,,,CIN,,6000.0,,5000.0,,,,,,,,,0.0
534,,,,IND,,6000.0,,5000.0,,,,,,,,,0.0
535,,,,NE,,4900.0,,4083.0,,,,,,,,,-1.899999976
536,,,,CAR,,4600.0,,3833.0,,,,,,,,,0.0
537,,,,CIN,,4500.0,,3750.0,,,,,,,,,0.0
538,,,,CIN,,4500.0,,3750.0,,,,,,,,,0.0
539,,,,DAL,,4500.0,,3750.0,,,,,,,,,0.0
540,,,,MIN,,4500.0,,3750.0,,,,,,,,,4.816666603
541,,,,ATL,,4500.0,,3750.0,,,,,,,,,3.25
542,,,,TB,,4500.0,,3750.0,,,,,,,,,0.0
543,,,,BAL,,4500.0,,3750.0,,,,,,,,,0.0
544,,,,IND,,4500.0,,3750.0,,,,,,,,,3.133333206
545,,,,LAC,,4500.0,,3750.0,,,,,,,,,4.400000095
546,,,,HOU,,4500.0,,3750.0,,,,,,,,,2.600000064
547,,,,NO,,4500.0,,3750.0,,,,,,,,,0.0
548,,,,PHI,,4500.0,,3750.0,,,,,,,,,0.0
549,,,,LAC,,4500.0,,3750.0,,,,,,,,,0.0
550,,,,NYJ,,4500.0,,3750.0,,,,,,,,,0.0
551,,,,SEA,,4500.0,,3750.0,,,,,,,,,2.424999952
552,,,,KC,,4500.0,,3750.0,,,,,,,,,0.0
553,,,,MIN,,4500.0,,3750.0,,,,,,,,,0.0
554,,,,NO,,4500.0,,3750.0,,,,,,,,,0.0
555,,,,NE,,4500.0,,3750.0,,,,,,,,,6.53333346
556,,,,IND,,4500.0,,3750.0,,,,,,,,,0.0
557,,,,PIT,,4500.0,,3750.0,,,,,,,,,0.0
558,,,,KC,,4500.0,,3750.0,,,,,,,,,1.5499999519999998
559,,,,CIN,,4500.0,,3750.0,,,,,,,,,0.0
560,,,,ARI,,4500.0,,3750.0,,,,,,,,,0.0
561,,,,NO,,4500.0,,3750.0,,,,,,,,,0.0
562,,,,KC,,4500.0,,3750.0,,,,,,,,,0.0
563,,,,SEA,,4500.0,,3750.0,,,,,,,,,0.0
564,,,,IND,,4500.0,,3750.0,,,,,,,,,0.0
565,,,,GB,,4500.0,,3750.0,,,,,,,,,0.0
566,,,,PHI,,4500.0,,3750.0,,,,,,,,,0.0
567,,,,DET,,4500.0,,3750.0,,,,,,,,,0.0
568,,,,KC,,4500.0,,3750.0,,,,,,,,,0.0
569,,,,OAK,,4500.0,,3750.0,,,,,,,,,0.0
570,,,,DET,,4500.0,,3750.0,,,,,,,,,0.0
571,,,,DET,,4500.0,,3750.0,,,,,,,,,0.0
572,,,,ATL,,4500.0,,3750.0,,,,,,,,,0.0
573,,,,BAL,,4500.0,,3750.0,,,,,,,,,0.0
574,,,,SEA,,4500.0,,3750.0,,,,,,,,,0.0
575,,,,TB,,4500.0,,3750.0,,,,,,,,,0.0
576,,,,NYG,,4500.0,,3750.0,,,,,,,,,0.0
577,,,,OAK,,4500.0,,3750.0,,,,,,,,,0.0
578,,,,DEN,,4500.0,,3750.0,,,,,,,,,0.0
579,,,,ATL,,4500.0,,3750.0,,,,,,,,,0.0
580,,,,MIA,,4500.0,,3750.0,,,,,,,,,5.827272589
581,,,,HOU,,4500.0,,3750.0,,,,,,,,,0.0
582,,,,MIA,,4500.0,,3750.0,,,,,,,,,0.0
583,,,,SF,,4500.0,,3750.0,,,,,,,,,0.0
584,,,,BUF,,4500.0,,3750.0,,,,,,,,,0.0
585,,,,NYG,,4500.0,,3750.0,,,,,,,,,0.0
586,,,,DET,,4500.0,,3750.0,,,,,,,,,0.0
587,,,,KC,,4500.0,,3750.0,,,,,,,,,0.0
588,,,,ARI,,4500.0,,3750.0,,,,,,,,,0.0
589,,,,LAC,,4500.0,,3750.0,,,,,,,,,0.0
590,,,,OAK,,4500.0,,3750.0,,,,,,,,,0.0
591,,,,NO,,4500.0,,3750.0,,,,,,,,,3.599999905
592,,,,GB,,4500.0,,3750.0,,,,,,,,,4.870000076
593,,,,SF,,4500.0,,3750.0,,,,,,,,,0.0
594,,,,SF,,4500.0,,3750.0,,,,,,,,,0.0
595,,,,NO,,4500.0,,3750.0,,,,,,,,,0.0
596,,,,BUF,,4500.0,,3750.0,,,,,,,,,0.0
597,,,,CAR,,4500.0,,3750.0,,,,,,,,,0.0
598,,,,ATL,,4500.0,,3750.0,,,,,,,,,0.0
599,,,,NE,,4500.0,,3750.0,,,,,,,,,0.0
600,,,,DEN,,4500.0,,3750.0,,,,,,,,,0.0
601,,,,MIA,,4500.0,,3750.0,,,,,,,,,0.0
602,,,,HOU,,4500.0,,3750.0,,,,,,,,,0.0
603,,,,GB,,4500.0,,3750.0,,,,,,,,,0.0
604,,,,TB,,4500.0,,3750.0,,,,,,,,,0.0
605,,,,IND,,4500.0,,3750.0,,,,,,,,,0.0
606,,,,NE,,4500.0,,3750.0,,,,,,,,,0.0
607,,,,CIN,,4500.0,,3750.0,,,,,,,,,0.0
608,,,,PHI,,4500.0,,3750.0,,,,,,,,,0.0
609,,,,NE,,4500.0,,3750.0,,,,,,,,,0.0
610,,,,NE,,4000.0,,3333.0,,,,,,,,,6.692856925
611,,,,DET,,4000.0,,3333.0,,,,,,,,,0.0
612,,,,CAR,,4000.0,,3333.0,,,,,,,,,0.0
613,,,,MIN,,4000.0,,3333.0,,,,,,,,,1.4600000380000002
614,,,,TB,,4000.0,,3333.0,,,,,,,,,0.0
615,,,,PHI,,4000.0,,3333.0,,,,,,,,,0.0
616,,,,PIT,,4000.0,,3333.0,,,,,,,,,0.0
617,,,,SF,,4000.0,,3333.0,,,,,,,,,0.0
618,,,,DET,,4000.0,,3333.0,,,,,,,,,3.0666666030000003
619,,,,SF,,4000.0,,3333.0,,,,,,,,,0.0
620,,,,SEA,,4000.0,,3333.0,,,,,,,,,0.0
621,,,,BUF,,4000.0,,3333.0,,,,,,,,,0.0
622,,,,OAK,,4000.0,,3333.0,,,,,,,,,0.0
623,,,,DAL,,4000.0,,3333.0,,,,,,,,,1.399999936
624,,,,CAR,,4000.0,,3333.0,,,,,,,,,0.0
625,,,,DEN,,4000.0,,3333.0,,,,,,,,,0.0
626,,,,HOU,,4000.0,,3333.0,,,,,,,,,0.0
627,,,,KC,,4000.0,,3333.0,,,,,,,,,0.0
628,,,,DAL,,4000.0,,3333.0,,,,,,,,,0.0
629,,,,SEA,,4000.0,,3333.0,,,,,,,,,3.857142857
630,,,,TB,,4000.0,,3333.0,,,,,,,,,0.0
631,,,,MIA,,4000.0,,3333.0,,,,,,,,,0.0
632,,,,BUF,,4000.0,,3333.0,,,,,,,,,0.0
633,,,,ARI,,4000.0,,3333.0,,,,,,,,,0.0
634,,,,DEN,,4000.0,,3333.0,,,,,,,,,0.0
635,,,,PHI,,4000.0,,3333.0,,,,,,,,,0.0
636,,,,NE,,4000.0,,3333.0,,,,,,,,,0.0
637,,,,GB,,4000.0,,3333.0,,,,,,,,,4.166666667
638,,,,NYG,,4000.0,,3333.0,,,,,,,,,1.876923048
639,,,,CIN,,4000.0,,3333.0,,,,,,,,,0.0
640,,,,HOU,,4000.0,,3333.0,,,,,,,,,0.0
641,,,,BUF,,4000.0,,3333.0,,,,,,,,,1.566666603
